ARTICLE_CODE,ARTICLE_DEMAND,FLOOR_ASSIGNED_DEMAND,LOCATION_ID,THM_ID,FLOOR,AISLE,COLUMN,SHELF,LEFT_OR_RIGHT,AVAILABLE_STOCK,NODE_ID,NODE_VISITED,THM_OPENED,IS_SELECTED,PICKED_AMOUNT,PICK_ORDER
1,8,6,j00151,567877465,MZN6,7,10,1,L,2,n00122,1,1,1,2,3
1,8,2,j00094,4197180731,MZN5,26,7,6,R,16,n00099,1,1,1,2,8
1,8,6,j00377,568068609,MZN6,20,1,1,R,4,n00143,1,1,1,4,18
1,8,2,j00139,567763810,MZN5,26,7,6,R,16,n00099,1,0,0,0,8
1,8,2,j00140,567763812,MZN5,26,7,6,R,16,n00099,1,0,0,0,8
1,8,2,j00134,567763655,MZN5,20,4,4,L,15,n00091,0,0,0,0,
1,8,2,j00131,567763643,MZN5,20,4,5,L,14,n00091,0,0,0,0,
1,8,2,j00132,567763644,MZN5,20,4,5,L,16,n00091,0,0,0,0,
1,8,2,j00133,567763645,MZN5,20,4,5,L,8,n00091,0,0,0,0,
1,8,2,j00143,567763886,MZN5,20,4,5,L,16,n00091,0,0,0,0,
1,8,2,j00144,567763888,MZN5,20,4,5,L,16,n00091,0,0,0,0,
1,8,2,j00127,567763469,MZN5,26,6,2,R,16,n00098,0,0,0,0,
1,8,2,j00128,567763470,MZN5,26,6,7,R,16,n00098,0,0,0,0,
1,8,2,j00129,567763471,MZN5,26,6,7,R,16,n00098,0,0,0,0,
1,8,2,j00147,567763903,MZN5,26,8,3,R,16,n00100,0,0,0,0,
1,8,2,j00146,567763902,MZN5,27,9,1,L,16,n00101,0,0,0,0,
2,7,7,j00117,567753154,MZN6,14,2,1,R,15,n00128,1,1,1,7,22
2,7,0,j00126,567763432,MZN5,26,7,2,R,16,n00099,1,0,0,0,8
2,7,7,j00118,567753164,MZN6,14,2,4,L,2,n00128,1,0,0,0,22
2,7,0,j00141,567763855,MZN5,10,5,1,L,16,n00076,0,0,0,0,
2,7,0,j00142,567763857,MZN5,10,5,3,L,16,n00076,0,0,0,0,
2,7,0,j00136,567763673,MZN5,12,1,3,R,18,n00079,0,0,0,0,
2,7,0,j00145,567763891,MZN5,12,2,3,L,15,n00080,0,0,0,0,
2,7,0,j00137,567763679,MZN5,12,3,2,L,15,n00081,0,0,0,0,
2,7,0,j00135,567763672,MZN5,12,4,2,R,15,n00082,0,0,0,0,
2,7,0,j00138,567763681,MZN5,12,5,5,R,20,n00083,0,0,0,0,
2,7,0,j00130,567763638,MZN5,21,4,1,L,10,n00093,0,0,0,0,
2,7,0,j00113,567740658,MZN5,26,6,7,R,20,n00098,0,0,0,0,
3,10,6,j00321,568024595,MZN6,4,3,1,L,4,n00121,1,1,1,4,1
3,10,4,j00124,567762195,MZN5,4,7,4,L,18,n00050,1,1,1,4,2
3,10,6,j00152,567877553,MZN6,21,16,5,R,2,n00150,1,1,1,2,9
4,6,6,j00108,567701338,MZN6,22,14,3,L,20,n00157,1,1,1,6,15
4,6,6,j00194,567967630,MZN6,20,10,4,R,20,n00145,1,0,0,0,8
4,6,6,j00180,567964386,MZN6,22,14,3,L,20,n00157,1,0,0,0,15
4,6,6,j00159,567883910,MZN6,22,3,4,L,20,n00152,1,0,0,0,16
4,6,6,j00187,567967595,MZN6,23,1,4,R,6,n00160,1,0,0,0,17
4,6,0,j00911,568212688,MZN4,18,3,7,L,2,n00035,0,0,0,0,
4,6,0,j00217,567968383,MZN5,8,9,1,L,18,n00067,0,0,0,0,
4,6,0,j00220,567968387,MZN5,8,10,2,L,20,n00068,0,0,0,0,
4,6,0,j00219,567968385,MZN5,8,10,4,L,20,n00068,0,0,0,0,
4,6,0,j00218,567968384,MZN5,8,12,3,L,20,n00069,0,0,0,0,
4,6,0,j00216,567968377,MZN5,8,13,2,L,20,n00070,0,0,0,0,
4,6,6,j00181,567967570,MZN6,1,4,1,R,18,n00104,0,0,0,0,
4,6,6,j00183,567967579,MZN6,1,4,3,R,20,n00104,0,0,0,0,
4,6,6,j00184,567967580,MZN6,1,4,4,R,20,n00104,0,0,0,0,
4,6,6,j00182,567967577,MZN6,1,5,4,L,20,n00105,0,0,0,0,
4,6,6,j00199,567967659,MZN6,2,2,4,L,20,n00107,0,0,0,0,
4,6,6,j00200,567967661,MZN6,2,2,4,L,20,n00107,0,0,0,0,
4,6,6,j00169,567964364,MZN6,3,7,2,L,20,n00114,0,0,0,0,
4,6,6,j00198,567967644,MZN6,3,9,1,L,20,n00115,0,0,0,0,
4,6,6,j00106,567655942,MZN6,3,11,3,L,20,n00116,0,0,0,0,
4,6,6,j00178,567964382,MZN6,3,14,2,L,20,n00118,0,0,0,0,
4,6,6,j00110,567729211,MZN6,3,14,3,L,20,n00118,0,0,0,0,
4,6,6,j00111,567731239,MZN6,3,14,3,L,20,n00118,0,0,0,0,
4,6,6,j00149,567789254,MZN6,3,14,3,L,22,n00118,0,0,0,0,
4,6,6,j00177,567964379,MZN6,3,14,3,L,20,n00118,0,0,0,0,
4,6,6,j00238,567969146,MZN6,3,17,4,L,20,n00120,0,0,0,0,
4,6,6,j00240,567971405,MZN6,20,7,2,R,20,n00144,0,0,0,0,
4,6,6,j00190,567967625,MZN6,20,11,1,L,20,n00146,0,0,0,0,
4,6,6,j00189,567967624,MZN6,20,11,3,R,20,n00146,0,0,0,0,
4,6,6,j00224,567968412,MZN6,22,6,2,L,20,n00153,0,0,0,0,
4,6,6,j00225,567968415,MZN6,22,8,4,L,20,n00154,0,0,0,0,
4,6,6,j00104,567651737,MZN6,22,8,4,R,20,n00154,0,0,0,0,
4,6,6,j00112,567732667,MZN6,22,17,1,L,20,n00159,0,0,0,0,
4,6,6,j00163,567923419,MZN6,22,17,4,L,20,n00159,0,0,0,0,
4,6,6,j00097,567428980,MZN6,23,12,3,R,20,n00161,0,0,0,0,
4,6,6,j00158,567883909,MZN6,23,12,3,R,20,n00161,0,0,0,0,
4,6,6,j00179,567964383,MZN6,23,12,3,R,20,n00161,0,0,0,0,
5,4,4,j00191,567967626,MZN6,20,10,4,L,20,n00145,1,1,1,4,8
5,4,4,j00156,567883715,MZN6,2,13,4,L,11,n00111,1,0,0,0,2
5,4,4,j00193,567967628,MZN6,20,10,4,L,20,n00145,1,0,0,0,8
5,4,4,j00195,567967632,MZN6,20,10,4,L,20,n00145,1,0,0,0,8
5,4,4,j00197,567967635,MZN6,20,10,4,L,20,n00145,1,0,0,0,8
5,4,4,j00213,567967687,MZN6,1,2,1,R,20,n00102,0,0,0,0,
5,4,4,j00214,567967689,MZN6,1,2,1,R,11,n00102,0,0,0,0,
5,4,4,j00207,567967678,MZN6,1,2,2,L,20,n00102,0,0,0,0,
5,4,4,j00206,567967677,MZN6,1,2,2,R,20,n00102,0,0,0,0,
5,4,4,j00209,567967680,MZN6,1,2,2,R,20,n00102,0,0,0,0,
5,4,4,j00205,567967676,MZN6,1,2,4,L,20,n00102,0,0,0,0,
5,4,4,j00204,567967675,MZN6,1,2,4,R,20,n00102,0,0,0,0,
5,4,4,j00208,567967679,MZN6,1,3,2,L,20,n00103,0,0,0,0,
5,4,4,j00210,567967681,MZN6,1,3,3,L,20,n00103,0,0,0,0,
5,4,4,j00211,567967682,MZN6,1,3,4,L,20,n00103,0,0,0,0,
5,4,4,j00166,567957655,MZN6,2,15,2,L,20,n00112,0,0,0,0,
5,4,4,j00171,567964367,MZN6,3,6,3,L,20,n00113,0,0,0,0,
5,4,4,j00175,567964375,MZN6,3,6,3,L,20,n00113,0,0,0,0,
5,4,4,j00172,567964370,MZN6,3,6,4,R,20,n00113,0,0,0,0,
5,4,4,j00173,567964371,MZN6,3,6,4,R,20,n00113,0,0,0,0,
5,4,4,j00174,567964372,MZN6,3,6,4,R,20,n00113,0,0,0,0,
5,4,4,j00168,567964363,MZN6,3,7,2,L,20,n00114,0,0,0,0,
5,4,4,j00167,567964361,MZN6,3,7,2,R,20,n00114,0,0,0,0,
5,4,4,j00170,567964365,MZN6,3,7,5,L,20,n00114,0,0,0,0,
5,4,4,j00228,567969070,MZN6,3,11,4,L,20,n00116,0,0,0,0,
5,4,4,j00229,567969071,MZN6,3,11,4,L,20,n00116,0,0,0,0,
5,4,4,j00230,567969074,MZN6,3,12,4,L,20,n00117,0,0,0,0,
5,4,4,j00176,567964377,MZN6,3,14,3,L,20,n00118,0,0,0,0,
5,4,4,j00188,567967622,MZN6,20,11,1,L,20,n00146,0,0,0,0,
5,4,4,j00196,567967633,MZN6,20,11,2,R,20,n00146,0,0,0,0,
5,4,4,j00192,567967627,MZN6,20,11,4,L,20,n00146,0,0,0,0,
5,4,4,j00115,567746298,MZN6,22,16,1,R,20,n00158,0,0,0,0,
5,4,4,j00153,567878624,MZN6,22,17,3,L,20,n00159,0,0,0,0,
5,4,4,j00226,567969052,MZN6,23,12,3,L,20,n00161,0,0,0,0,
5,4,4,j00227,567969056,MZN6,23,12,3,L,20,n00161,0,0,0,0,
5,4,4,j00221,567968399,MZN6,25,11,4,L,20,n00163,0,0,0,0,
5,4,4,j00233,567969124,MZN6,26,9,4,L,20,n00165,0,0,0,0,
5,4,4,j00231,567969087,MZN6,26,16,4,R,20,n00166,0,0,0,0,
5,4,4,j00241,567971423,MZN6,26,16,4,R,20,n00166,0,0,0,0,
6,5,5,j00095,567225324,MZN6,2,13,4,L,20,n00111,1,1,1,5,2
6,5,5,j00096,567426429,MZN6,2,13,1,R,20,n00111,1,0,0,0,2
6,5,5,j00157,567883715,MZN6,2,13,4,L,11,n00111,1,0,0,0,2
6,5,5,j00186,567967591,MZN6,23,1,4,L,20,n00160,1,0,0,0,17
6,5,5,j00203,567967674,MZN6,1,2,1,L,20,n00102,0,0,0,0,
6,5,5,j00212,567967683,MZN6,1,2,3,L,15,n00102,0,0,0,0,
6,5,5,j00215,567968338,MZN6,1,3,3,L,20,n00103,0,0,0,0,
6,5,5,j00201,567967668,MZN6,2,2,2,L,20,n00107,0,0,0,0,
6,5,5,j00202,567967670,MZN6,2,3,2,L,20,n00108,0,0,0,0,
6,5,5,j00099,567516200,MZN6,2,10,3,L,20,n00109,0,0,0,0,
6,5,5,j00100,567617708,MZN6,2,12,2,L,13,n00110,0,0,0,0,
6,5,5,j00232,567969104,MZN6,3,12,3,L,20,n00117,0,0,0,0,
6,5,5,j00098,567445885,MZN6,3,15,4,L,19,n00119,0,0,0,0,
6,5,5,j00236,567969137,MZN6,3,17,4,L,20,n00120,0,0,0,0,
6,5,5,j00223,567968411,MZN6,22,8,4,L,20,n00154,0,0,0,0,
6,5,5,j00161,567898816,MZN6,22,16,3,R,20,n00158,0,0,0,0,
6,5,5,j00222,567968401,MZN6,25,10,1,R,20,n00162,0,0,0,0,
6,5,5,j00235,567969136,MZN6,26,7,3,L,20,n00164,0,0,0,0,
7,2,2,j00185,567967588,MZN6,23,1,4,L,16,n00160,1,1,1,2,17
7,2,2,j00237,567969144,MZN6,3,17,2,L,6,n00120,0,0,0,0,
7,2,2,j00234,567969128,MZN6,3,17,4,L,20,n00120,0,0,0,0,
7,2,2,j00239,567969149,MZN6,3,17,4,L,20,n00120,0,0,0,0,
8,5,5,j00742,568129389,MZN6,22,12,2,L,13,n00156,1,1,1,5,14
8,5,0,j00353,568060986,MZN5,9,17,6,R,9,n00075,0,0,0,0,
8,5,0,j00354,568060988,MZN5,9,17,7,R,20,n00075,0,0,0,0,
8,5,5,j00785,568129433,MZN6,1,11,1,L,45,n00106,0,0,0,0,
9,6,6,j00752,568129396,MZN6,22,11,2,R,30,n00155,1,1,1,1,13
9,6,6,j00743,568129389,MZN6,22,12,2,L,5,n00156,1,1,1,5,14
9,6,6,j00818,568150259,MZN6,8,13,5,L,1,n00123,1,0,0,0,4
9,6,6,j00759,568129404,MZN6,19,4,1,R,30,n00141,1,0,0,0,20
9,6,0,j00329,568055087,MZN4,4,3,3,L,20,n00026,0,0,0,0,
9,6,0,j00328,568055085,MZN4,4,3,4,L,22,n00026,0,0,0,0,
9,6,0,j00372,568063871,MZN4,4,3,4,R,18,n00026,0,0,0,0,
9,6,0,j00342,568060951,MZN5,9,17,5,R,20,n00075,0,0,0,0,
9,6,0,j00339,568060948,MZN5,9,17,6,R,5,n00075,0,0,0,0,
9,6,0,j00344,568060972,MZN5,9,17,6,R,1,n00075,0,0,0,0,
9,6,0,j00341,568060950,MZN5,9,17,7,R,20,n00075,0,0,0,0,
9,6,6,j00753,568129397,MZN6,19,6,1,L,46,n00142,0,0,0,0,
10,10,10,j00739,568129387,MZN6,22,12,4,L,15,n00156,1,1,1,10,14
10,10,10,j00817,568150258,MZN6,8,13,1,R,1,n00123,1,0,0,0,4
10,10,10,j00760,568129404,MZN6,19,4,1,R,16,n00141,1,0,0,0,20
10,10,10,j00107,567658756,MZN6,19,4,2,L,2,n00141,1,0,0,0,20
10,10,10,j00754,568129398,MZN6,19,4,3,L,46,n00141,1,0,0,0,20
10,10,0,j00330,568055088,MZN4,4,2,6,R,18,n00025,0,0,0,0,
10,10,0,j00331,568055089,MZN4,4,3,3,L,20,n00026,0,0,0,0,
10,10,0,j00373,568063873,MZN4,4,3,4,L,19,n00026,0,0,0,0,
10,10,0,j00374,568063874,MZN4,4,3,4,L,18,n00026,0,0,0,0,
10,10,0,j00334,568055107,MZN4,4,3,6,R,20,n00026,0,0,0,0,
10,10,0,j00351,568060985,MZN5,9,17,5,R,6,n00075,0,0,0,0,
10,10,0,j00347,568060981,MZN5,9,17,6,L,16,n00075,0,0,0,0,
10,10,0,j00350,568060983,MZN5,9,17,6,R,16,n00075,0,0,0,0,
10,10,10,j00771,568129420,MZN6,12,16,2,L,45,n00126,0,0,0,0,
10,10,10,j00776,568129425,MZN6,14,17,3,L,46,n00129,0,0,0,0,
11,8,8,j00744,568129389,MZN6,22,12,2,L,22,n00156,1,1,1,8,14
11,8,8,j00740,568129387,MZN6,22,12,4,L,15,n00156,1,1,0,0,14
11,8,8,j00750,568129395,MZN6,19,3,1,R,34,n00140,1,1,0,0,19
11,8,0,j00337,568060946,MZN5,9,17,3,L,14,n00075,0,0,0,0,
11,8,0,j00340,568060949,MZN5,9,17,3,L,15,n00075,0,0,0,0,
11,8,0,j00335,568060944,MZN5,9,17,5,R,15,n00075,0,0,0,0,
11,8,0,j00338,568060947,MZN5,9,17,5,R,16,n00075,0,0,0,0,
11,8,0,j00343,568060970,MZN5,9,17,6,R,19,n00075,0,0,0,0,
11,8,0,j00345,568060972,MZN5,9,17,6,R,14,n00075,0,0,0,0,
11,8,0,j00336,568060945,MZN5,9,17,7,L,14,n00075,0,0,0,0,
11,8,0,j00244,567997831,MZN5,19,9,6,L,6,n00090,0,0,0,0,
11,8,8,j00766,568129410,MZN6,19,1,3,L,46,n00138,0,0,0,0,
11,8,8,j00763,568129406,MZN6,19,2,3,L,46,n00139,0,0,0,0,
12,8,8,j00751,568129395,MZN6,19,3,1,R,12,n00140,1,1,1,6,19
12,8,8,j00747,568129391,MZN6,19,4,3,L,2,n00141,1,1,1,2,20
12,8,8,j00757,568129402,MZN6,19,3,3,L,46,n00140,1,0,0,0,19
12,8,0,j00376,568063877,MZN4,4,3,4,R,19,n00026,0,0,0,0,
12,8,0,j00332,568055090,MZN4,4,3,5,R,20,n00026,0,0,0,0,
12,8,0,j00333,568055093,MZN4,4,3,5,R,6,n00026,0,0,0,0,
12,8,0,j00375,568063876,MZN4,4,3,5,R,23,n00026,0,0,0,0,
12,8,0,j00352,568060985,MZN5,9,17,5,R,7,n00075,0,0,0,0,
12,8,0,j00348,568060981,MZN5,9,17,6,L,3,n00075,0,0,0,0,
12,8,0,j00755,568129400,MZN5,12,13,5,R,9,n00084,0,0,0,0,
12,8,8,j00765,568129408,MZN6,19,2,3,L,45,n00139,0,0,0,0,
13,2,2,j00741,568129388,MZN6,22,12,3,L,18,n00156,1,1,1,2,14
13,2,2,j00745,568129390,MZN6,22,12,3,L,14,n00156,1,0,0,0,14
13,2,0,j00349,568060982,MZN5,9,17,5,R,6,n00075,0,0,0,0,
13,2,0,j00346,568060980,MZN5,9,17,6,R,18,n00075,0,0,0,0,
13,2,2,j00761,568129405,MZN6,19,1,2,R,2,n00138,0,0,0,0,
14,4,4,j00282,568009212,MZN6,8,14,3,L,21,n00124,1,1,1,4,5
14,4,0,j00298,568009543,MZN5,6,9,1,L,21,n00060,1,0,0,0,7
14,4,0,j00266,568009188,MZN5,5,11,2,R,8,n00057,0,0,0,0,
14,4,0,j00296,568009525,MZN5,6,13,3,L,28,n00063,0,0,0,0,
14,4,0,j00278,568009209,MZN5,6,15,1,R,20,n00065,0,0,0,0,
14,4,0,j00279,568009210,MZN5,6,15,1,R,10,n00065,0,0,0,0,
14,4,0,j00254,568009164,MZN5,8,12,2,L,17,n00069,0,0,0,0,
14,4,0,j00255,568009166,MZN5,8,14,1,L,12,n00071,0,0,0,0,
14,4,0,j00253,568009163,MZN5,8,14,3,L,20,n00071,0,0,0,0,
14,4,0,j00355,568061446,MZN5,11,1,2,R,4,n00077,0,0,0,0,
14,4,0,j00356,568061447,MZN5,11,1,2,R,20,n00077,0,0,0,0,
14,4,0,j00357,568061448,MZN5,11,2,6,R,20,n00078,0,0,0,0,
14,4,0,j00358,568061449,MZN5,11,2,6,R,7,n00078,0,0,0,0,
14,4,0,j00360,568061450,MZN5,11,2,6,R,20,n00078,0,0,0,0,
15,2,2,j00287,568009217,MZN6,8,13,1,R,20,n00123,1,1,1,2,4
15,2,2,j00288,568009218,MZN6,8,14,1,L,20,n00124,1,0,0,0,5
15,2,0,j00295,568009522,MZN5,6,11,4,R,25,n00061,1,0,0,0,6
15,2,0,j00299,568009544,MZN5,6,9,1,L,21,n00060,1,0,0,0,7
15,2,0,j00264,568009185,MZN5,5,11,3,R,3,n00057,0,0,0,0,
15,2,0,j00263,568009181,MZN5,5,11,4,R,20,n00057,0,0,0,0,
15,2,0,j00265,568009186,MZN5,5,12,2,R,20,n00058,0,0,0,0,
15,2,0,j00297,568009531,MZN5,6,8,1,R,25,n00059,0,0,0,0,
15,2,0,j00250,568009157,MZN5,6,8,2,L,20,n00059,0,0,0,0,
15,2,0,j00294,568009521,MZN5,6,13,3,L,25,n00063,0,0,0,0,
15,2,0,j00271,568009203,MZN5,6,15,2,R,10,n00065,0,0,0,0,
15,2,0,j00273,568009204,MZN5,6,15,2,R,20,n00065,0,0,0,0,
15,2,0,j00270,568009201,MZN5,6,15,3,R,20,n00065,0,0,0,0,
15,2,0,j00251,568009162,MZN5,8,12,3,L,11,n00069,0,0,0,0,
15,2,0,j00261,568009176,MZN5,8,14,4,L,20,n00071,0,0,0,0,
15,2,0,j00262,568009177,MZN5,8,15,3,L,20,n00072,0,0,0,0,
15,2,0,j00362,568061459,MZN5,11,1,5,R,20,n00077,0,0,0,0,
15,2,0,j00361,568061458,MZN5,11,1,6,L,20,n00077,0,0,0,0,
15,2,0,j00359,568061449,MZN5,11,2,6,R,13,n00078,0,0,0,0,
15,2,0,j00366,568061489,MZN5,21,15,5,L,20,n00094,0,0,0,0,
15,2,0,j00368,568061491,MZN5,21,15,5,L,10,n00094,0,0,0,0,
15,2,0,j00367,568061490,MZN5,21,16,3,R,20,n00095,0,0,0,0,
15,2,0,j00365,568061488,MZN5,21,16,6,R,17,n00095,0,0,0,0,
15,2,2,j00290,568009220,MZN6,8,15,2,R,8,n00125,0,0,0,0,
24,7,7,j00312,568018516,MZN5,21,3,4,L,135,n00092,1,1,1,7,10
24,7,7,j00315,568018519,MZN5,21,3,4,L,140,n00092,1,0,0,0,10
24,7,7,j00316,568018520,MZN5,21,3,5,R,140,n00092,1,0,0,0,10
24,7,7,j00319,568018523,MZN5,21,3,5,R,140,n00092,1,0,0,0,10
24,7,0,j00386,568093464,MZN4,17,14,6,R,40,n00034,0,0,0,0,
25,14,14,j00306,568018510,MZN5,21,3,4,L,130,n00092,1,1,1,14,10
25,14,14,j00309,568018513,MZN5,21,3,1,L,140,n00092,1,0,0,0,10
25,14,14,j00310,568018514,MZN5,21,3,4,R,140,n00092,1,0,0,0,10
25,14,14,j00313,568018517,MZN5,21,3,4,R,140,n00092,1,0,0,0,10
25,14,14,j00318,568018522,MZN5,21,3,5,R,140,n00092,1,0,0,0,10
25,14,14,j00320,568018524,MZN5,21,3,5,R,140,n00092,1,0,0,0,10
25,14,0,j00388,568093467,MZN4,17,14,1,R,80,n00034,0,0,0,0,
26,14,14,j00308,568018512,MZN5,21,3,4,R,126,n00092,1,1,1,14,10
26,14,14,j00314,568018518,MZN5,21,3,1,L,140,n00092,1,0,0,0,10
26,14,14,j00317,568018521,MZN5,21,3,1,L,140,n00092,1,0,0,0,10
26,14,14,j00311,568018515,MZN5,21,3,4,R,140,n00092,1,0,0,0,10
26,14,0,j00396,568093486,MZN4,15,10,4,L,80,n00030,0,0,0,0,
26,14,0,j00395,568093484,MZN4,15,10,6,R,8,n00030,0,0,0,0,
26,14,14,j00798,568133503,MZN5,3,6,5,L,16,n00042,0,0,0,0,
26,14,14,j00243,567975009,MZN5,17,2,2,L,8,n00086,0,0,0,0,
27,7,7,j00301,568018505,MZN5,21,3,2,L,126,n00092,1,1,1,7,10
27,7,7,j00302,568018506,MZN5,21,3,1,L,112,n00092,1,0,0,0,10
27,7,7,j00303,568018507,MZN5,21,3,3,R,126,n00092,1,0,0,0,10
27,7,7,j00304,568018508,MZN5,21,3,3,R,119,n00092,1,0,0,0,10
27,7,7,j00305,568018509,MZN5,21,3,3,R,119,n00092,1,0,0,0,10
27,7,7,j00307,568018511,MZN5,21,3,3,R,126,n00092,1,0,0,0,10
27,7,0,j00397,568093486,MZN4,15,10,4,L,77,n00030,0,0,0,0,
28,7,7,j00909,568198338,MZN6,13,17,4,L,7,n00127,1,1,1,7,23
28,7,0,j00391,568093471,MZN4,15,10,5,R,154,n00030,0,0,0,0,
28,7,0,j00389,568093467,MZN4,17,14,1,R,16,n00034,0,0,0,0,
28,7,0,j00392,568093473,MZN4,17,14,2,L,96,n00034,0,0,0,0,
29,7,7,j00105,567652971,MZN5,6,9,3,R,252,n00060,1,1,1,7,7
29,7,7,j00150,567847591,MZN5,6,11,3,L,315,n00061,1,0,0,0,6
29,7,7,j00122,567754812,MZN5,6,12,3,L,315,n00062,0,0,0,0,
30,14,14,j00101,567619261,MZN5,6,9,3,R,315,n00060,1,1,1,14,7
30,14,14,j00121,567754709,MZN5,6,11,2,L,315,n00061,1,0,0,0,6
30,14,14,j00120,567754702,MZN5,6,11,3,L,315,n00061,1,0,0,0,6
30,14,14,j00109,567704601,MZN5,6,9,3,R,315,n00060,1,0,0,0,7
30,14,14,j00123,567755619,MZN5,6,9,4,R,315,n00060,1,0,0,0,7
30,14,0,j00379,568078418,MZN4,17,13,4,L,40,n00033,0,0,0,0,
30,14,14,j00380,568078425,MZN5,5,12,1,L,240,n00058,0,0,0,0,
31,14,14,j00116,567749707,MZN5,6,14,4,R,224,n00064,1,1,1,14,5
31,14,14,j00300,568012125,MZN5,6,14,4,R,280,n00064,1,0,0,0,5
31,14,14,j00160,567887131,MZN5,6,11,4,L,280,n00061,1,0,0,0,6
31,14,14,j00125,567762465,MZN5,6,9,3,R,280,n00060,1,0,0,0,7
31,14,14,j00119,567754686,MZN5,6,9,4,L,280,n00060,1,0,0,0,7
31,14,14,j00148,567765232,MZN5,6,9,4,L,280,n00060,1,0,0,0,7
31,14,0,j00394,568093475,MZN4,15,10,4,L,206,n00030,0,0,0,0,
31,14,0,j00393,568093473,MZN4,17,14,2,L,32,n00034,0,0,0,0,
33,7,7,j00114,567743764,MZN5,6,11,4,L,175,n00061,1,1,1,7,6
33,7,7,j00242,567973288,MZN5,6,14,4,R,217,n00064,1,0,0,0,5
35,7,7,j00800,568134472,MZN4,15,8,5,R,70,n00029,1,1,1,7,1
35,7,7,j00805,568134510,MZN4,15,8,3,R,16,n00029,1,0,0,0,1
35,7,7,j00803,568134508,MZN4,15,8,4,R,98,n00029,1,0,0,0,1
35,7,7,j00804,568134509,MZN4,15,8,5,R,70,n00029,1,0,0,0,1
35,7,7,j00813,568134832,MZN4,15,8,5,R,63,n00029,1,0,0,0,1
35,7,7,j00801,568134473,MZN4,8,15,6,R,84,n00027,0,0,0,0,
35,7,7,j00802,568134474,MZN4,8,15,7,R,105,n00027,0,0,0,0,
35,7,7,j00807,568134511,MZN4,16,8,7,R,98,n00031,0,0,0,0,
35,7,7,j00808,568134512,MZN4,16,8,7,R,91,n00031,0,0,0,0,
35,7,7,j00809,568134513,MZN4,16,8,7,R,54,n00031,0,0,0,0,
36,7,7,j00799,568134470,MZN4,15,8,5,R,24,n00029,1,1,1,7,1
36,7,7,j00806,568134510,MZN4,15,8,3,R,70,n00029,1,0,0,0,1
36,7,7,j00815,568134834,MZN4,15,8,4,R,70,n00029,1,0,0,0,1
36,7,7,j00811,568134830,MZN4,15,8,6,R,84,n00029,1,0,0,0,1
36,7,7,j00812,568134831,MZN4,8,15,2,R,77,n00027,0,0,0,0,
36,7,7,j00810,568134513,MZN4,16,8,7,R,46,n00031,0,0,0,0,
36,7,7,j00814,568134833,MZN4,16,8,7,R,84,n00031,0,0,0,0,
36,7,7,j00816,568134835,MZN4,16,8,7,R,84,n00031,0,0,0,0,
37,7,7,j00005,167075241,MZN2,19,16,2,L,77,n00023,1,1,1,7,7
37,7,7,j00012,167075242,MZN2,19,16,2,R,112,n00023,1,0,0,0,7
37,7,7,j00019,167075245,MZN2,18,10,2,L,168,n00017,0,0,0,0,
37,7,7,j00029,167075249,MZN2,18,12,2,L,84,n00019,0,0,0,0,
37,7,7,j00037,167075251,MZN2,18,13,2,L,126,n00020,0,0,0,0,
37,7,7,j00034,167075250,MZN2,18,13,2,R,70,n00020,0,0,0,0,
37,7,7,j00046,167075254,MZN2,18,14,2,R,8,n00021,0,0,0,0,
37,7,7,j00014,167075243,MZN2,19,17,2,L,48,n00024,0,0,0,0,
37,7,7,j00016,167075244,MZN2,19,17,2,R,168,n00024,0,0,0,0,
38,14,14,j00006,167075241,MZN2,19,16,2,L,98,n00023,1,1,1,14,7
38,14,14,j00020,167075245,MZN2,18,10,2,L,32,n00017,0,0,0,0,
38,14,14,j00022,167075246,MZN2,18,11,2,L,308,n00018,0,0,0,0,
38,14,14,j00030,167075249,MZN2,18,12,2,L,91,n00019,0,0,0,0,
38,14,14,j00038,167075251,MZN2,18,13,2,L,126,n00020,0,0,0,0,
38,14,14,j00040,167075252,MZN2,18,13,2,L,84,n00020,0,0,0,0,
38,14,14,j00017,167075244,MZN2,19,17,2,R,86,n00024,0,0,0,0,
38,14,0,j00913,568213890,MZN5,12,2,5,L,8,n00080,0,0,0,0,
39,14,14,j00007,167075241,MZN2,19,16,2,L,119,n00023,1,1,1,14,7
39,14,14,j00021,167075245,MZN2,18,10,2,L,154,n00017,0,0,0,0,
39,14,14,j00023,167075246,MZN2,18,11,2,L,154,n00018,0,0,0,0,
39,14,14,j00031,167075249,MZN2,18,12,2,L,112,n00019,0,0,0,0,
39,14,14,j00039,167075251,MZN2,18,13,2,L,56,n00020,0,0,0,0,
39,14,14,j00041,167075252,MZN2,18,13,2,L,82,n00020,0,0,0,0,
39,14,14,j00035,167075250,MZN2,18,13,2,R,91,n00020,0,0,0,0,
39,14,14,j00043,167075253,MZN2,18,14,2,R,84,n00021,0,0,0,0,
39,14,14,j00047,167075254,MZN2,18,14,2,R,16,n00021,0,0,0,0,
40,7,7,j00008,167075241,MZN2,19,16,2,L,77,n00023,1,1,1,7,7
40,7,7,j00024,167075246,MZN2,18,11,2,L,8,n00018,0,0,0,0,
40,7,7,j00032,167075249,MZN2,18,12,2,L,32,n00019,0,0,0,0,
40,7,7,j00042,167075252,MZN2,18,13,2,L,154,n00020,0,0,0,0,
40,7,7,j00036,167075250,MZN2,18,13,2,R,63,n00020,0,0,0,0,
40,7,7,j00044,167075253,MZN2,18,14,2,R,37,n00021,0,0,0,0,
40,7,7,j00018,167075244,MZN2,19,17,2,R,217,n00024,0,0,0,0,
41,7,7,j00009,167075241,MZN2,19,16,2,L,53,n00023,1,1,1,7,7
41,7,7,j00033,167075249,MZN2,18,12,2,L,24,n00019,0,0,0,0,
41,7,7,j00045,167075253,MZN2,18,14,2,R,119,n00021,0,0,0,0,
41,7,7,j00048,167075254,MZN2,18,14,2,R,98,n00021,0,0,0,0,
41,7,7,j00049,167075255,MZN2,18,15,2,L,126,n00022,0,0,0,0,
42,7,7,j00001,167046755,MZN2,3,7,1,R,287,n00012,1,1,1,7,6
42,7,7,j00080,167075349,MZN2,3,9,1,R,119,n00014,1,1,0,0,5
42,7,7,j00075,167075345,MZN2,3,4,1,R,126,n00010,0,0,0,0,
43,14,14,j00081,167075349,MZN2,3,9,1,R,161,n00014,1,1,1,14,5
43,14,14,j00070,167075342,MZN2,3,3,2,L,126,n00009,0,0,0,0,
43,14,14,j00072,167075343,MZN2,3,3,2,L,315,n00009,0,0,0,0,
43,14,14,j00076,167075345,MZN2,3,4,1,R,525,n00010,0,0,0,0,
44,14,14,j00082,167075349,MZN2,3,9,1,R,161,n00014,1,1,1,14,5
44,14,14,j00050,167075325,MZN2,2,3,1,R,8,n00002,1,0,0,0,1
44,14,14,j00058,167075331,MZN2,2,5,1,R,32,n00004,0,0,0,0,
44,14,14,j00074,167075344,MZN2,3,2,2,R,357,n00008,0,0,0,0,
44,14,14,j00071,167075342,MZN2,3,3,2,L,483,n00009,0,0,0,0,
44,14,14,j00073,167075343,MZN2,3,3,2,L,99,n00009,0,0,0,0,
44,14,14,j00077,167075345,MZN2,3,4,1,R,8,n00010,0,0,0,0,
45,7,7,j00002,167046755,MZN2,3,7,1,R,24,n00012,1,1,1,7,6
45,7,7,j00051,167075325,MZN2,2,3,1,R,45,n00002,1,0,0,0,1
45,7,7,j00083,167075349,MZN2,3,9,1,R,105,n00014,1,1,0,0,5
45,7,7,j00091,167075391,MZN2,2,2,1,R,8,n00001,0,0,0,0,
45,7,7,j00059,167075331,MZN2,2,5,1,R,441,n00004,0,0,0,0,
46,7,7,j00003,167046755,MZN2,3,7,1,R,8,n00012,1,1,1,7,6
46,7,7,j00052,167075325,MZN2,2,3,1,R,301,n00002,1,0,0,0,1
46,7,7,j00084,167075349,MZN2,3,9,1,R,76,n00014,1,1,0,0,5
46,7,7,j00092,167075391,MZN2,2,2,1,R,84,n00001,0,0,0,0,
47,7,7,j00004,167046755,MZN2,3,7,1,R,8,n00012,1,1,1,7,6
47,7,7,j00085,167075349,MZN2,3,9,1,R,62,n00014,1,1,0,0,5
47,7,7,j00093,167075391,MZN2,2,2,1,R,273,n00001,0,0,0,0,
48,7,7,j00063,167075335,MZN2,2,7,2,L,399,n00005,1,1,1,7,3
48,7,7,j00065,167075337,MZN2,2,7,2,R,693,n00005,1,0,0,0,3
48,7,7,j00064,167075336,MZN2,2,8,2,R,196,n00006,1,0,0,0,4
49,14,14,j00066,167075338,MZN2,2,8,1,R,406,n00006,1,1,1,14,4
49,14,14,j00069,167075341,MZN2,2,8,1,L,385,n00006,1,0,0,0,4
49,14,14,j00067,167075339,MZN2,2,8,1,R,469,n00006,1,0,0,0,4
49,14,14,j00068,167075340,MZN2,2,9,2,R,139,n00007,0,0,0,0,
49,14,14,j00090,167075353,MZN2,4,3,2,L,343,n00015,0,0,0,0,
49,14,14,j00087,167075351,MZN2,4,3,2,R,8,n00015,0,0,0,0,
49,14,14,j00089,167075352,MZN2,4,5,2,R,350,n00016,0,0,0,0,
50,14,14,j00079,167075347,MZN2,3,7,2,L,700,n00012,1,1,1,14,6
50,14,14,j00078,167075346,MZN2,3,5,1,R,336,n00011,0,0,0,0,
50,14,14,j00086,167075350,MZN2,3,8,2,R,287,n00013,0,0,0,0,
50,14,14,j00088,167075351,MZN2,4,3,2,R,616,n00015,0,0,0,0,
51,7,7,j00055,167075329,MZN2,2,4,2,L,252,n00003,1,1,1,7,2
51,7,7,j00062,167075334,MZN2,2,4,1,L,203,n00003,1,0,0,0,2
51,7,7,j00057,167075330,MZN2,2,5,1,L,329,n00004,0,0,0,0,
51,7,7,j00060,167075332,MZN2,2,5,1,L,287,n00004,0,0,0,0,
51,7,7,j00061,167075333,MZN2,2,5,2,R,175,n00004,0,0,0,0,
52,7,7,j00056,167075329,MZN2,2,4,2,L,448,n00003,1,1,1,7,2
52,7,7,j00054,167075328,MZN2,2,4,1,R,196,n00003,1,0,0,0,2
53,7,7,j00053,167075326,MZN2,2,3,1,R,385,n00002,1,1,1,7,1
54,7,7,j00728,568119417,MZN6,21,15,3,L,160,n00149,1,1,1,7,10
54,7,7,j00730,568119422,MZN6,21,11,4,L,168,n00148,1,0,0,0,11
54,7,0,j00907,568198299,MZN4,23,10,3,R,8,n00036,0,0,0,0,
55,14,14,j00729,568119419,MZN6,21,15,3,L,189,n00149,1,1,1,14,10
55,14,14,j00731,568119423,MZN6,21,15,3,L,182,n00149,1,0,0,0,10
55,14,14,j00733,568119425,MZN6,21,11,4,L,182,n00148,1,0,0,0,11
56,14,14,j00726,568119372,MZN6,21,15,1,L,102,n00149,1,1,1,14,10
56,14,14,j00727,568119374,MZN6,21,15,4,R,80,n00149,1,0,0,0,10
56,14,14,j00732,568119424,MZN6,21,15,4,R,182,n00149,1,0,0,0,10
57,7,7,j00384,568089029,MZN5,2,19,2,R,112,n00041,1,1,1,7,4
57,7,7,j00385,568089031,MZN5,2,19,1,R,210,n00041,1,0,0,0,4
58,14,14,j00155,567881782,MZN5,2,19,1,R,125,n00041,1,1,1,14,4
58,14,14,j00383,568089028,MZN5,2,19,1,R,273,n00041,1,0,0,0,4
58,14,14,j00912,568213001,MZN5,8,6,4,R,8,n00066,0,0,0,0,
59,5,1,j00823,568174071,MZN5,5,4,3,R,11,n00055,1,1,1,1,1
59,5,4,j00875,568177968,MZN6,15,14,3,L,4,n00130,1,1,1,4,6
59,5,1,j00825,568174072,MZN5,5,4,3,R,20,n00055,1,0,0,0,1
59,5,1,j00860,568175578,MZN5,5,4,3,R,18,n00055,1,0,0,0,1
59,5,1,j00859,568175577,MZN5,5,4,4,R,20,n00055,1,0,0,0,1
59,5,1,j00866,568175583,MZN5,5,4,4,R,20,n00055,1,0,0,0,1
59,5,1,j00867,568175584,MZN5,5,4,4,R,9,n00055,1,0,0,0,1
60,10,10,j00870,568177966,MZN6,15,14,3,L,2,n00130,1,1,1,2,6
60,10,10,j00876,568177968,MZN6,15,14,3,L,23,n00130,1,1,1,8,6
60,10,0,j00833,568174079,MZN5,5,4,1,R,20,n00055,1,0,0,0,1
60,10,0,j00836,568174082,MZN5,5,4,1,R,20,n00055,1,0,0,0,1
60,10,0,j00824,568174071,MZN5,5,4,3,R,9,n00055,1,1,0,0,1
60,10,0,j00828,568174075,MZN5,5,4,3,R,4,n00055,1,0,0,0,1
60,10,0,j00830,568174076,MZN5,5,4,3,R,20,n00055,1,0,0,0,1
60,10,0,j00863,568175581,MZN5,5,4,4,R,20,n00055,1,0,0,0,1
60,10,0,j00868,568175584,MZN5,5,4,4,R,12,n00055,1,0,0,0,1
60,10,10,j00874,568177967,MZN6,15,14,3,L,20,n00130,1,0,0,0,6
60,10,10,j00877,568177969,MZN6,15,14,3,L,20,n00130,1,0,0,0,6
60,10,10,j00878,568177970,MZN6,15,14,3,L,20,n00130,1,0,0,0,6
60,10,0,j00897,568178161,MZN5,3,10,4,L,18,n00044,0,0,0,0,
60,10,0,j00842,568174088,MZN5,4,5,3,R,20,n00048,0,0,0,0,
60,10,0,j00848,568174094,MZN5,4,5,3,R,20,n00048,0,0,0,0,
60,10,0,j00841,568174087,MZN5,4,6,2,L,20,n00049,0,0,0,0,
60,10,0,j00843,568174089,MZN5,4,6,4,R,20,n00049,0,0,0,0,
60,10,0,j00847,568174093,MZN5,4,10,4,L,17,n00053,0,0,0,0,
60,10,0,j00827,568174074,MZN5,5,5,2,R,20,n00056,0,0,0,0,
60,10,0,j00826,568174073,MZN5,5,5,4,R,20,n00056,0,0,0,0,
60,10,0,j00831,568174077,MZN5,5,5,4,R,20,n00056,0,0,0,0,
60,10,0,j00838,568174084,MZN5,5,5,4,R,20,n00056,0,0,0,0,
60,10,10,j00822,568173207,MZN6,15,15,2,R,20,n00131,0,0,0,0,
61,10,10,j00871,568177966,MZN6,15,14,3,L,10,n00130,1,1,1,10,6
61,10,0,j00832,568174078,MZN5,5,4,1,R,20,n00055,1,0,0,0,1
61,10,0,j00835,568174081,MZN5,5,4,1,R,20,n00055,1,0,0,0,1
61,10,0,j00829,568174075,MZN5,5,4,3,R,6,n00055,1,0,0,0,1
61,10,10,j00869,568177965,MZN6,15,14,3,L,14,n00130,1,0,0,0,6
61,10,10,j00820,568173204,MZN6,15,14,4,R,9,n00130,1,1,0,0,6
61,10,0,j00895,568178159,MZN5,3,9,2,R,20,n00043,0,0,0,0,
61,10,0,j00896,568178160,MZN5,3,9,2,R,10,n00043,0,0,0,0,
61,10,0,j00898,568178162,MZN5,3,9,2,R,20,n00043,0,0,0,0,
61,10,0,j00901,568178165,MZN5,3,9,4,R,20,n00043,0,0,0,0,
61,10,0,j00893,568178157,MZN5,3,10,2,L,20,n00044,0,0,0,0,
61,10,0,j00894,568178158,MZN5,3,10,4,L,20,n00044,0,0,0,0,
61,10,0,j00881,568178145,MZN5,3,17,3,L,20,n00045,0,0,0,0,
61,10,0,j00888,568178152,MZN5,3,18,1,L,20,n00046,0,0,0,0,
61,10,0,j00883,568178147,MZN5,3,18,2,L,20,n00046,0,0,0,0,
61,10,0,j00884,568178148,MZN5,3,18,3,L,20,n00046,0,0,0,0,
61,10,0,j00886,568178150,MZN5,3,19,4,L,20,n00047,0,0,0,0,
61,10,0,j00844,568174090,MZN5,4,5,2,R,20,n00048,0,0,0,0,
61,10,0,j00845,568174091,MZN5,4,6,4,L,19,n00049,0,0,0,0,
61,10,0,j00846,568174092,MZN5,4,6,4,L,20,n00049,0,0,0,0,
61,10,0,j00854,568174100,MZN5,4,6,4,L,20,n00049,0,0,0,0,
61,10,0,j00857,568174106,MZN5,4,6,4,L,12,n00049,0,0,0,0,
61,10,0,j00849,568174095,MZN5,4,8,4,R,11,n00051,0,0,0,0,
61,10,0,j00855,568174101,MZN5,4,9,1,R,20,n00052,0,0,0,0,
61,10,0,j00853,568174098,MZN5,4,10,4,L,20,n00053,0,0,0,0,
61,10,0,j00834,568174080,MZN5,5,5,4,R,20,n00056,0,0,0,0,
61,10,0,j00837,568174083,MZN5,5,5,4,R,20,n00056,0,0,0,0,
61,10,0,j00840,568174086,MZN5,5,5,4,R,20,n00056,0,0,0,0,
62,5,5,j00872,568177966,MZN6,15,14,3,L,4,n00130,1,1,1,4,6
62,5,5,j00821,568173204,MZN6,15,14,4,R,8,n00130,1,1,1,1,6
62,5,0,j00864,568175582,MZN5,5,4,3,R,4,n00055,1,0,0,0,1
62,5,0,j00862,568175580,MZN5,5,4,4,R,12,n00055,1,0,0,0,1
62,5,0,j00892,568178156,MZN5,3,9,3,R,3,n00043,0,0,0,0,
62,5,0,j00889,568178153,MZN5,3,9,4,R,20,n00043,0,0,0,0,
62,5,0,j00899,568178163,MZN5,3,9,4,R,19,n00043,0,0,0,0,
62,5,0,j00890,568178154,MZN5,3,10,4,L,8,n00044,0,0,0,0,
62,5,0,j00900,568178164,MZN5,3,10,4,L,20,n00044,0,0,0,0,
62,5,0,j00887,568178151,MZN5,3,18,2,L,20,n00046,0,0,0,0,
62,5,0,j00885,568178149,MZN5,3,19,4,L,20,n00047,0,0,0,0,
62,5,0,j00856,568174105,MZN5,4,5,3,R,20,n00048,0,0,0,0,
62,5,0,j00858,568174106,MZN5,4,6,4,L,3,n00049,0,0,0,0,
62,5,0,j00850,568174095,MZN5,4,8,4,R,7,n00051,0,0,0,0,
62,5,0,j00852,568174097,MZN5,4,10,2,L,19,n00053,0,0,0,0,
62,5,0,j00880,568178144,MZN5,4,10,3,R,2,n00053,0,0,0,0,
62,5,0,j00879,568178143,MZN5,4,10,4,R,20,n00053,0,0,0,0,
62,5,0,j00839,568174085,MZN5,5,5,2,R,20,n00056,0,0,0,0,
63,2,2,j00873,568177966,MZN6,15,14,3,L,7,n00130,1,1,1,2,6
63,2,0,j00865,568175582,MZN5,5,4,3,R,7,n00055,1,0,0,0,1
63,2,0,j00861,568175579,MZN5,5,4,4,R,6,n00055,1,0,0,0,1
63,2,0,j00851,568174096,MZN5,4,7,4,R,16,n00050,1,0,0,0,2
63,2,0,j00902,568178166,MZN5,3,10,2,L,11,n00044,0,0,0,0,
63,2,0,j00891,568178154,MZN5,3,10,4,L,3,n00044,0,0,0,0,
63,2,0,j00882,568178146,MZN5,3,18,1,L,20,n00046,0,0,0,0,
64,7,7,j00545,568116606,MZN6,22,3,5,R,7,n00152,1,1,1,7,16
64,7,0,j00410,568103841,MZN5,21,3,1,R,14,n00092,1,0,0,0,10
64,7,0,j00423,568103842,MZN5,21,3,1,R,21,n00092,1,0,0,0,10
64,7,0,j00398,568103839,MZN5,21,3,5,L,14,n00092,1,0,0,0,10
64,7,7,j00614,568116613,MZN6,22,3,3,R,7,n00152,1,0,0,0,16
64,7,7,j00640,568116615,MZN6,22,3,4,L,14,n00152,1,0,0,0,16
64,7,7,j00653,568116616,MZN6,22,3,5,L,14,n00152,1,0,0,0,16
64,7,7,j00553,568116607,MZN6,22,3,5,R,14,n00152,1,1,0,0,16
64,7,7,j00585,568116610,MZN6,22,3,5,R,7,n00152,1,0,0,0,16
64,7,7,j00591,568116611,MZN6,22,3,5,R,7,n00152,1,0,0,0,16
64,7,7,j00626,568116614,MZN6,22,3,5,R,14,n00152,1,0,0,0,16
64,7,0,j00443,568112630,MZN4,24,6,1,R,8,n00037,0,0,0,0,
64,7,0,j00445,568112637,MZN4,24,6,1,R,40,n00037,0,0,0,0,
64,7,0,j00441,568112401,MZN4,24,9,3,L,281,n00039,0,0,0,0,
64,7,0,j00675,568116618,MZN5,9,4,2,L,14,n00073,0,0,0,0,
64,7,0,j00678,568116619,MZN5,9,4,2,R,14,n00073,0,0,0,0,
64,7,0,j00685,568116620,MZN5,9,4,5,R,14,n00073,0,0,0,0,
64,7,0,j00604,568116612,MZN5,9,4,6,R,14,n00073,0,0,0,0,
64,7,0,j00667,568116617,MZN5,9,4,6,R,14,n00073,0,0,0,0,
64,7,0,j00692,568116621,MZN5,9,4,6,R,14,n00073,0,0,0,0,
64,7,0,j00702,568116625,MZN5,9,4,6,R,14,n00073,0,0,0,0,
64,7,0,j00714,568116626,MZN5,9,4,6,R,14,n00073,0,0,0,0,
64,7,0,j00531,568116402,MZN5,12,2,1,L,14,n00080,0,0,0,0,
64,7,0,j00540,568116404,MZN5,12,2,1,L,14,n00080,0,0,0,0,
64,7,0,j00535,568116403,MZN5,12,2,1,R,14,n00080,0,0,0,0,
64,7,0,j00447,568114279,MZN5,17,7,1,L,7,n00087,0,0,0,0,
64,7,0,j00475,568114282,MZN5,17,7,1,L,14,n00087,0,0,0,0,
64,7,0,j00487,568114283,MZN5,17,7,1,L,14,n00087,0,0,0,0,
64,7,0,j00463,568114281,MZN5,17,8,3,R,14,n00088,0,0,0,0,
64,7,0,j00451,568114280,MZN5,17,8,4,L,21,n00088,0,0,0,0,
64,7,0,j00499,568114284,MZN5,17,8,5,R,14,n00088,0,0,0,0,
64,7,0,j00511,568114285,MZN5,17,9,5,R,14,n00089,0,0,0,0,
64,7,7,j00438,568112350,MZN6,18,9,1,L,770,n00136,0,0,0,0,
64,7,7,j00567,568116608,MZN6,22,2,5,L,7,n00151,0,0,0,0,
65,14,14,j00546,568116606,MZN6,22,3,5,R,8,n00152,1,1,1,8,16
65,14,14,j00554,568116607,MZN6,22,3,5,R,8,n00152,1,1,1,6,16
65,14,0,j00411,568103841,MZN5,21,3,1,R,14,n00092,1,0,0,0,10
65,14,0,j00424,568103842,MZN5,21,3,1,R,21,n00092,1,0,0,0,10
65,14,0,j00399,568103839,MZN5,21,3,5,L,14,n00092,1,0,0,0,10
65,14,14,j00615,568116613,MZN6,22,3,3,R,8,n00152,1,0,0,0,16
65,14,14,j00641,568116615,MZN6,22,3,4,L,16,n00152,1,0,0,0,16
65,14,14,j00654,568116616,MZN6,22,3,5,L,16,n00152,1,0,0,0,16
65,14,14,j00592,568116611,MZN6,22,3,5,R,8,n00152,1,0,0,0,16
65,14,14,j00627,568116614,MZN6,22,3,5,R,16,n00152,1,0,0,0,16
65,14,0,j00686,568116620,MZN5,9,4,5,R,14,n00073,0,0,0,0,
65,14,0,j00605,568116612,MZN5,9,4,6,R,14,n00073,0,0,0,0,
65,14,0,j00668,568116617,MZN5,9,4,6,R,14,n00073,0,0,0,0,
65,14,0,j00693,568116621,MZN5,9,4,6,R,14,n00073,0,0,0,0,
65,14,0,j00703,568116625,MZN5,9,4,6,R,14,n00073,0,0,0,0,
65,14,0,j00715,568116626,MZN5,9,4,6,R,14,n00073,0,0,0,0,
65,14,0,j00476,568114282,MZN5,17,7,1,L,14,n00087,0,0,0,0,
65,14,0,j00488,568114283,MZN5,17,7,1,L,14,n00087,0,0,0,0,
65,14,0,j00464,568114281,MZN5,17,8,3,R,14,n00088,0,0,0,0,
65,14,0,j00452,568114280,MZN5,17,8,4,L,14,n00088,0,0,0,0,
65,14,0,j00500,568114284,MZN5,17,8,5,R,14,n00088,0,0,0,0,
65,14,0,j00512,568114285,MZN5,17,9,5,R,14,n00089,0,0,0,0,
65,14,14,j00523,568114646,MZN6,18,9,1,L,584,n00136,0,0,0,0,
65,14,14,j00568,568116608,MZN6,22,2,5,L,8,n00151,0,0,0,0,
66,14,14,j00547,568116606,MZN6,22,3,5,R,7,n00152,1,1,1,7,16
66,14,14,j00555,568116607,MZN6,22,3,5,R,14,n00152,1,1,1,7,16
66,14,0,j00412,568103841,MZN5,21,3,1,R,14,n00092,1,0,0,0,10
66,14,0,j00425,568103842,MZN5,21,3,1,R,21,n00092,1,0,0,0,10
66,14,0,j00400,568103839,MZN5,21,3,5,L,14,n00092,1,0,0,0,10
66,14,14,j00616,568116613,MZN6,22,3,3,R,7,n00152,1,0,0,0,16
66,14,14,j00642,568116615,MZN6,22,3,4,L,14,n00152,1,0,0,0,16
66,14,14,j00655,568116616,MZN6,22,3,5,L,14,n00152,1,0,0,0,16
66,14,14,j00586,568116610,MZN6,22,3,5,R,7,n00152,1,0,0,0,16
66,14,14,j00593,568116611,MZN6,22,3,5,R,7,n00152,1,0,0,0,16
66,14,14,j00628,568116614,MZN6,22,3,5,R,14,n00152,1,0,0,0,16
66,14,0,j00446,568113037,MZN4,24,6,5,R,161,n00037,0,0,0,0,
66,14,0,j00676,568116618,MZN5,9,4,2,L,14,n00073,0,0,0,0,
66,14,0,j00679,568116619,MZN5,9,4,2,R,14,n00073,0,0,0,0,
66,14,0,j00687,568116620,MZN5,9,4,5,R,14,n00073,0,0,0,0,
66,14,0,j00606,568116612,MZN5,9,4,6,R,21,n00073,0,0,0,0,
66,14,0,j00669,568116617,MZN5,9,4,6,R,7,n00073,0,0,0,0,
66,14,0,j00694,568116621,MZN5,9,4,6,R,21,n00073,0,0,0,0,
66,14,0,j00704,568116625,MZN5,9,4,6,R,14,n00073,0,0,0,0,
66,14,0,j00716,568116626,MZN5,9,4,6,R,14,n00073,0,0,0,0,
66,14,0,j00532,568116402,MZN5,12,2,1,L,7,n00080,0,0,0,0,
66,14,0,j00541,568116404,MZN5,12,2,1,L,14,n00080,0,0,0,0,
66,14,0,j00536,568116403,MZN5,12,2,1,R,14,n00080,0,0,0,0,
66,14,0,j00448,568114279,MZN5,17,7,1,L,7,n00087,0,0,0,0,
66,14,0,j00477,568114282,MZN5,17,7,1,L,14,n00087,0,0,0,0,
66,14,0,j00489,568114283,MZN5,17,7,1,L,14,n00087,0,0,0,0,
66,14,0,j00465,568114281,MZN5,17,8,3,R,14,n00088,0,0,0,0,
66,14,0,j00453,568114280,MZN5,17,8,4,L,21,n00088,0,0,0,0,
66,14,0,j00501,568114284,MZN5,17,8,5,R,14,n00088,0,0,0,0,
66,14,0,j00513,568114285,MZN5,17,9,5,R,14,n00089,0,0,0,0,
67,7,7,j00556,568116607,MZN6,22,3,5,R,14,n00152,1,1,1,7,16
67,7,0,j00413,568103841,MZN5,21,3,1,R,14,n00092,1,0,0,0,10
67,7,0,j00426,568103842,MZN5,21,3,1,R,14,n00092,1,0,0,0,10
67,7,0,j00401,568103839,MZN5,21,3,5,L,14,n00092,1,0,0,0,10
67,7,7,j00643,568116615,MZN6,22,3,4,L,16,n00152,1,0,0,0,16
67,7,7,j00656,568116616,MZN6,22,3,5,L,16,n00152,1,0,0,0,16
67,7,7,j00594,568116611,MZN6,22,3,5,R,8,n00152,1,0,0,0,16
67,7,7,j00629,568116614,MZN6,22,3,5,R,16,n00152,1,0,0,0,16
67,7,0,j00680,568116619,MZN5,9,4,2,R,7,n00073,0,0,0,0,
67,7,0,j00688,568116620,MZN5,9,4,5,R,14,n00073,0,0,0,0,
67,7,0,j00607,568116612,MZN5,9,4,6,R,14,n00073,0,0,0,0,
67,7,0,j00670,568116617,MZN5,9,4,6,R,14,n00073,0,0,0,0,
67,7,0,j00695,568116621,MZN5,9,4,6,R,7,n00073,0,0,0,0,
67,7,0,j00705,568116625,MZN5,9,4,6,R,14,n00073,0,0,0,0,
67,7,0,j00717,568116626,MZN5,9,4,6,R,14,n00073,0,0,0,0,
67,7,0,j00478,568114282,MZN5,17,7,1,L,14,n00087,0,0,0,0,
67,7,0,j00490,568114283,MZN5,17,7,1,L,14,n00087,0,0,0,0,
67,7,0,j00466,568114281,MZN5,17,8,3,R,14,n00088,0,0,0,0,
67,7,0,j00454,568114280,MZN5,17,8,4,L,14,n00088,0,0,0,0,
67,7,0,j00502,568114284,MZN5,17,8,5,R,21,n00088,0,0,0,0,
67,7,0,j00514,568114285,MZN5,17,9,5,R,7,n00089,0,0,0,0,
67,7,7,j00439,568112352,MZN6,18,9,1,R,399,n00136,0,0,0,0,
68,14,14,j00557,568116607,MZN6,22,3,5,R,24,n00152,1,1,1,14,16
68,14,0,j00414,568103841,MZN5,21,3,1,R,14,n00092,1,0,0,0,10
68,14,0,j00427,568103842,MZN5,21,3,1,R,21,n00092,1,0,0,0,10
68,14,0,j00402,568103839,MZN5,21,3,5,L,14,n00092,1,0,0,0,10
68,14,14,j00617,568116613,MZN6,22,3,3,R,8,n00152,1,0,0,0,16
68,14,14,j00644,568116615,MZN6,22,3,4,L,16,n00152,1,0,0,0,16
68,14,14,j00657,568116616,MZN6,22,3,5,L,16,n00152,1,0,0,0,16
68,14,14,j00595,568116611,MZN6,22,3,5,R,8,n00152,1,0,0,0,16
68,14,14,j00630,568116614,MZN6,22,3,5,R,16,n00152,1,0,0,0,16
68,14,0,j00681,568116619,MZN5,9,4,2,R,14,n00073,0,0,0,0,
68,14,0,j00608,568116612,MZN5,9,4,6,R,21,n00073,0,0,0,0,
68,14,0,j00671,568116617,MZN5,9,4,6,R,7,n00073,0,0,0,0,
68,14,0,j00696,568116621,MZN5,9,4,6,R,14,n00073,0,0,0,0,
68,14,0,j00706,568116625,MZN5,9,4,6,R,14,n00073,0,0,0,0,
68,14,0,j00718,568116626,MZN5,9,4,6,R,14,n00073,0,0,0,0,
68,14,0,j00479,568114282,MZN5,17,7,1,L,14,n00087,0,0,0,0,
68,14,0,j00491,568114283,MZN5,17,7,1,L,14,n00087,0,0,0,0,
68,14,0,j00467,568114281,MZN5,17,8,3,R,14,n00088,0,0,0,0,
68,14,0,j00455,568114280,MZN5,17,8,4,L,14,n00088,0,0,0,0,
68,14,0,j00503,568114284,MZN5,17,8,5,R,14,n00088,0,0,0,0,
68,14,0,j00515,568114285,MZN5,17,9,5,R,14,n00089,0,0,0,0,
68,14,14,j00524,568114653,MZN6,18,10,2,R,325,n00137,0,0,0,0,
69,14,14,j00548,568116606,MZN6,22,3,5,R,8,n00152,1,1,1,8,16
69,14,14,j00558,568116607,MZN6,22,3,5,R,24,n00152,1,1,1,6,16
69,14,0,j00415,568103841,MZN5,21,3,1,R,14,n00092,1,0,0,0,10
69,14,0,j00428,568103842,MZN5,21,3,1,R,21,n00092,1,0,0,0,10
69,14,0,j00403,568103839,MZN5,21,3,5,L,14,n00092,1,0,0,0,10
69,14,14,j00645,568116615,MZN6,22,3,4,L,16,n00152,1,0,0,0,16
69,14,14,j00658,568116616,MZN6,22,3,5,L,16,n00152,1,0,0,0,16
69,14,14,j00596,568116611,MZN6,22,3,5,R,8,n00152,1,0,0,0,16
69,14,14,j00631,568116614,MZN6,22,3,5,R,16,n00152,1,0,0,0,16
69,14,0,j00682,568116619,MZN5,9,4,2,R,7,n00073,0,0,0,0,
69,14,0,j00689,568116620,MZN5,9,4,5,R,14,n00073,0,0,0,0,
69,14,0,j00609,568116612,MZN5,9,4,6,R,14,n00073,0,0,0,0,
69,14,0,j00697,568116621,MZN5,9,4,6,R,7,n00073,0,0,0,0,
69,14,0,j00707,568116625,MZN5,9,4,6,R,14,n00073,0,0,0,0,
69,14,0,j00719,568116626,MZN5,9,4,6,R,14,n00073,0,0,0,0,
69,14,0,j00480,568114282,MZN5,17,7,1,L,14,n00087,0,0,0,0,
69,14,0,j00492,568114283,MZN5,17,7,1,L,14,n00087,0,0,0,0,
69,14,0,j00468,568114281,MZN5,17,8,3,R,14,n00088,0,0,0,0,
69,14,0,j00456,568114280,MZN5,17,8,4,L,14,n00088,0,0,0,0,
69,14,0,j00504,568114284,MZN5,17,8,5,R,14,n00088,0,0,0,0,
69,14,0,j00516,568114285,MZN5,17,9,5,R,14,n00089,0,0,0,0,
69,14,14,j00440,568112352,MZN6,18,9,1,R,107,n00136,0,0,0,0,
69,14,14,j00569,568116608,MZN6,22,2,5,L,8,n00151,0,0,0,0,
70,7,7,j00549,568116606,MZN6,22,3,5,R,8,n00152,1,1,1,7,16
70,7,0,j00416,568103841,MZN5,21,3,1,R,14,n00092,1,0,0,0,10
70,7,0,j00429,568103842,MZN5,21,3,1,R,21,n00092,1,0,0,0,10
70,7,7,j00618,568116613,MZN6,22,3,3,R,8,n00152,1,0,0,0,16
70,7,7,j00646,568116615,MZN6,22,3,4,L,16,n00152,1,0,0,0,16
70,7,7,j00659,568116616,MZN6,22,3,5,L,14,n00152,1,0,0,0,16
70,7,7,j00559,568116607,MZN6,22,3,5,R,14,n00152,1,1,0,0,16
70,7,7,j00597,568116611,MZN6,22,3,5,R,8,n00152,1,0,0,0,16
70,7,7,j00632,568116614,MZN6,22,3,5,R,16,n00152,1,0,0,0,16
70,7,7,j00570,568116608,MZN6,22,2,5,L,112,n00151,0,0,0,0,
71,7,7,j00550,568116606,MZN6,22,3,5,R,7,n00152,1,1,1,7,16
71,7,0,j00417,568103841,MZN5,21,3,1,R,21,n00092,1,0,0,0,10
71,7,0,j00430,568103842,MZN5,21,3,1,R,14,n00092,1,0,0,0,10
71,7,0,j00404,568103839,MZN5,21,3,5,L,7,n00092,1,0,0,0,10
71,7,7,j00619,568116613,MZN6,22,3,3,R,14,n00152,1,0,0,0,16
71,7,7,j00647,568116615,MZN6,22,3,4,L,14,n00152,1,0,0,0,16
71,7,7,j00660,568116616,MZN6,22,3,5,L,14,n00152,1,0,0,0,16
71,7,7,j00560,568116607,MZN6,22,3,5,R,7,n00152,1,1,0,0,16
71,7,7,j00587,568116610,MZN6,22,3,5,R,7,n00152,1,0,0,0,16
71,7,7,j00598,568116611,MZN6,22,3,5,R,7,n00152,1,0,0,0,16
71,7,7,j00633,568116614,MZN6,22,3,5,R,14,n00152,1,0,0,0,16
71,7,0,j00442,568112628,MZN4,24,6,4,R,56,n00037,0,0,0,0,
71,7,0,j00677,568116618,MZN5,9,4,2,L,21,n00073,0,0,0,0,
71,7,0,j00683,568116619,MZN5,9,4,2,R,14,n00073,0,0,0,0,
71,7,0,j00690,568116620,MZN5,9,4,5,R,14,n00073,0,0,0,0,
71,7,0,j00610,568116612,MZN5,9,4,6,R,14,n00073,0,0,0,0,
71,7,0,j00672,568116617,MZN5,9,4,6,R,14,n00073,0,0,0,0,
71,7,0,j00698,568116621,MZN5,9,4,6,R,14,n00073,0,0,0,0,
71,7,0,j00708,568116625,MZN5,9,4,6,R,14,n00073,0,0,0,0,
71,7,0,j00720,568116626,MZN5,9,4,6,R,14,n00073,0,0,0,0,
71,7,0,j00533,568116402,MZN5,12,2,1,L,21,n00080,0,0,0,0,
71,7,0,j00542,568116404,MZN5,12,2,1,L,14,n00080,0,0,0,0,
71,7,0,j00537,568116403,MZN5,12,2,1,R,14,n00080,0,0,0,0,
71,7,0,j00449,568114279,MZN5,17,7,1,L,7,n00087,0,0,0,0,
71,7,0,j00481,568114282,MZN5,17,7,1,L,14,n00087,0,0,0,0,
71,7,0,j00493,568114283,MZN5,17,7,1,L,14,n00087,0,0,0,0,
71,7,0,j00469,568114281,MZN5,17,8,3,R,14,n00088,0,0,0,0,
71,7,0,j00457,568114280,MZN5,17,8,4,L,21,n00088,0,0,0,0,
71,7,0,j00505,568114284,MZN5,17,8,5,R,14,n00088,0,0,0,0,
71,7,0,j00517,568114285,MZN5,17,9,5,R,21,n00089,0,0,0,0,
71,7,7,j00571,568116608,MZN6,22,2,5,L,14,n00151,0,0,0,0,
71,7,7,j00578,568116609,MZN6,22,2,5,L,14,n00151,0,0,0,0,
72,14,14,j00154,567879703,MZN6,21,11,3,L,499,n00148,1,1,1,14,11
72,14,14,j00620,568116613,MZN6,22,3,3,R,16,n00152,1,0,0,0,16
72,14,14,j00661,568116616,MZN6,22,3,5,L,16,n00152,1,0,0,0,16
72,14,14,j00561,568116607,MZN6,22,3,5,R,16,n00152,1,1,0,0,16
72,14,14,j00634,568116614,MZN6,22,3,5,R,16,n00152,1,0,0,0,16
72,14,14,j00572,568116608,MZN6,22,2,5,L,16,n00151,0,0,0,0,
72,14,14,j00579,568116609,MZN6,22,2,5,L,16,n00151,0,0,0,0,
73,14,14,j00562,568116607,MZN6,22,3,5,R,16,n00152,1,1,1,14,16
73,14,0,j00418,568103841,MZN5,21,3,1,R,21,n00092,1,0,0,0,10
73,14,0,j00431,568103842,MZN5,21,3,1,R,14,n00092,1,0,0,0,10
73,14,0,j00405,568103839,MZN5,21,3,5,L,7,n00092,1,0,0,0,10
73,14,14,j00621,568116613,MZN6,22,3,3,R,16,n00152,1,0,0,0,16
73,14,14,j00648,568116615,MZN6,22,3,4,L,16,n00152,1,0,0,0,16
73,14,14,j00662,568116616,MZN6,22,3,5,L,16,n00152,1,0,0,0,16
73,14,14,j00599,568116611,MZN6,22,3,5,R,8,n00152,1,0,0,0,16
73,14,14,j00635,568116614,MZN6,22,3,5,R,16,n00152,1,0,0,0,16
73,14,0,j00684,568116619,MZN5,9,4,2,R,7,n00073,0,0,0,0,
73,14,0,j00691,568116620,MZN5,9,4,5,R,14,n00073,0,0,0,0,
73,14,0,j00611,568116612,MZN5,9,4,6,R,14,n00073,0,0,0,0,
73,14,0,j00673,568116617,MZN5,9,4,6,R,14,n00073,0,0,0,0,
73,14,0,j00699,568116621,MZN5,9,4,6,R,14,n00073,0,0,0,0,
73,14,0,j00709,568116625,MZN5,9,4,6,R,14,n00073,0,0,0,0,
73,14,0,j00721,568116626,MZN5,9,4,6,R,14,n00073,0,0,0,0,
73,14,0,j00482,568114282,MZN5,17,7,1,L,14,n00087,0,0,0,0,
73,14,0,j00494,568114283,MZN5,17,7,1,L,14,n00087,0,0,0,0,
73,14,0,j00470,568114281,MZN5,17,8,3,R,14,n00088,0,0,0,0,
73,14,0,j00458,568114280,MZN5,17,8,4,L,14,n00088,0,0,0,0,
73,14,0,j00506,568114284,MZN5,17,8,5,R,14,n00088,0,0,0,0,
73,14,0,j00518,568114285,MZN5,17,9,5,R,14,n00089,0,0,0,0,
73,14,14,j00530,568114661,MZN6,16,5,3,L,175,n00132,0,0,0,0,
73,14,14,j00573,568116608,MZN6,22,2,5,L,15,n00151,0,0,0,0,
73,14,14,j00580,568116609,MZN6,22,2,5,L,16,n00151,0,0,0,0,
74,7,7,j00551,568116606,MZN6,22,3,5,R,8,n00152,1,1,1,7,16
74,7,0,j00419,568103841,MZN5,21,3,1,R,21,n00092,1,0,0,0,10
74,7,0,j00432,568103842,MZN5,21,3,1,R,7,n00092,1,0,0,0,10
74,7,0,j00406,568103839,MZN5,21,3,5,L,7,n00092,1,0,0,0,10
74,7,7,j00622,568116613,MZN6,22,3,3,R,16,n00152,1,0,0,0,16
74,7,7,j00649,568116615,MZN6,22,3,4,L,14,n00152,1,0,0,0,16
74,7,7,j00663,568116616,MZN6,22,3,5,L,14,n00152,1,0,0,0,16
74,7,7,j00563,568116607,MZN6,22,3,5,R,14,n00152,1,1,0,0,16
74,7,7,j00588,568116610,MZN6,22,3,5,R,8,n00152,1,0,0,0,16
74,7,7,j00600,568116611,MZN6,22,3,5,R,8,n00152,1,0,0,0,16
74,7,7,j00636,568116614,MZN6,22,3,5,R,14,n00152,1,0,0,0,16
74,7,0,j00710,568116625,MZN5,9,4,6,R,14,n00073,0,0,0,0,
74,7,0,j00722,568116626,MZN5,9,4,6,R,14,n00073,0,0,0,0,
74,7,0,j00534,568116402,MZN5,12,2,1,L,21,n00080,0,0,0,0,
74,7,0,j00543,568116404,MZN5,12,2,1,L,14,n00080,0,0,0,0,
74,7,0,j00538,568116403,MZN5,12,2,1,R,14,n00080,0,0,0,0,
74,7,0,j00450,568114279,MZN5,17,7,1,L,14,n00087,0,0,0,0,
74,7,0,j00483,568114282,MZN5,17,7,1,L,14,n00087,0,0,0,0,
74,7,0,j00495,568114283,MZN5,17,7,1,L,14,n00087,0,0,0,0,
74,7,0,j00471,568114281,MZN5,17,8,3,R,14,n00088,0,0,0,0,
74,7,0,j00459,568114280,MZN5,17,8,4,L,14,n00088,0,0,0,0,
74,7,0,j00507,568114284,MZN5,17,8,5,R,14,n00088,0,0,0,0,
74,7,0,j00519,568114285,MZN5,17,9,5,R,14,n00089,0,0,0,0,
74,7,7,j00574,568116608,MZN6,22,2,5,L,14,n00151,0,0,0,0,
74,7,7,j00581,568116609,MZN6,22,2,5,L,16,n00151,0,0,0,0,
75,7,7,j00564,568116607,MZN6,22,3,5,R,14,n00152,1,1,1,7,16
75,7,0,j00420,568103841,MZN5,21,3,1,R,14,n00092,1,0,0,0,10
75,7,0,j00433,568103842,MZN5,21,3,1,R,21,n00092,1,0,0,0,10
75,7,0,j00407,568103839,MZN5,21,3,5,L,14,n00092,1,0,0,0,10
75,7,7,j00623,568116613,MZN6,22,3,3,R,16,n00152,1,0,0,0,16
75,7,7,j00650,568116615,MZN6,22,3,4,L,16,n00152,1,0,0,0,16
75,7,7,j00664,568116616,MZN6,22,3,5,L,14,n00152,1,0,0,0,16
75,7,7,j00601,568116611,MZN6,22,3,5,R,8,n00152,1,0,0,0,16
75,7,7,j00637,568116614,MZN6,22,3,5,R,15,n00152,1,0,0,0,16
75,7,0,j00164,567952428,MZN4,16,12,4,R,8,n00032,0,0,0,0,
75,7,0,j00711,568116625,MZN5,9,4,6,R,14,n00073,0,0,0,0,
75,7,0,j00723,568116626,MZN5,9,4,6,R,7,n00073,0,0,0,0,
75,7,0,j00544,568116404,MZN5,12,2,1,L,14,n00080,0,0,0,0,
75,7,0,j00539,568116403,MZN5,12,2,1,R,14,n00080,0,0,0,0,
75,7,0,j00528,568114660,MZN5,16,3,5,R,91,n00085,0,0,0,0,
75,7,0,j00484,568114282,MZN5,17,7,1,L,14,n00087,0,0,0,0,
75,7,0,j00496,568114283,MZN5,17,7,1,L,14,n00087,0,0,0,0,
75,7,0,j00472,568114281,MZN5,17,8,3,R,14,n00088,0,0,0,0,
75,7,0,j00460,568114280,MZN5,17,8,4,L,14,n00088,0,0,0,0,
75,7,0,j00508,568114284,MZN5,17,8,5,R,14,n00088,0,0,0,0,
75,7,0,j00520,568114285,MZN5,17,9,5,R,14,n00089,0,0,0,0,
75,7,7,j00575,568116608,MZN6,22,2,5,L,14,n00151,0,0,0,0,
75,7,7,j00582,568116609,MZN6,22,2,5,L,21,n00151,0,0,0,0,
76,14,14,j00552,568116606,MZN6,22,3,5,R,8,n00152,1,1,1,8,16
76,14,14,j00565,568116607,MZN6,22,3,5,R,14,n00152,1,1,1,6,16
76,14,0,j00421,568103841,MZN5,21,3,1,R,21,n00092,1,0,0,0,10
76,14,0,j00434,568103842,MZN5,21,3,1,R,21,n00092,1,0,0,0,10
76,14,0,j00408,568103839,MZN5,21,3,5,L,14,n00092,1,0,0,0,10
76,14,14,j00624,568116613,MZN6,22,3,3,R,16,n00152,1,0,0,0,16
76,14,14,j00651,568116615,MZN6,22,3,4,L,16,n00152,1,0,0,0,16
76,14,14,j00665,568116616,MZN6,22,3,5,L,16,n00152,1,0,0,0,16
76,14,14,j00589,568116610,MZN6,22,3,5,R,8,n00152,1,0,0,0,16
76,14,14,j00602,568116611,MZN6,22,3,5,R,8,n00152,1,0,0,0,16
76,14,14,j00638,568116614,MZN6,22,3,5,R,16,n00152,1,0,0,0,16
76,14,0,j00165,567952428,MZN4,16,12,4,R,8,n00032,0,0,0,0,
76,14,0,j00612,568116612,MZN5,9,4,6,R,14,n00073,0,0,0,0,
76,14,0,j00674,568116617,MZN5,9,4,6,R,7,n00073,0,0,0,0,
76,14,0,j00700,568116621,MZN5,9,4,6,R,28,n00073,0,0,0,0,
76,14,0,j00712,568116625,MZN5,9,4,6,R,14,n00073,0,0,0,0,
76,14,0,j00724,568116626,MZN5,9,4,6,R,14,n00073,0,0,0,0,
76,14,0,j00529,568114660,MZN5,16,3,5,R,133,n00085,0,0,0,0,
76,14,0,j00485,568114282,MZN5,17,7,1,L,14,n00087,0,0,0,0,
76,14,0,j00497,568114283,MZN5,17,7,1,L,14,n00087,0,0,0,0,
76,14,0,j00473,568114281,MZN5,17,8,3,R,14,n00088,0,0,0,0,
76,14,0,j00461,568114280,MZN5,17,8,4,L,21,n00088,0,0,0,0,
76,14,0,j00509,568114284,MZN5,17,8,5,R,14,n00088,0,0,0,0,
76,14,0,j00521,568114285,MZN5,17,9,5,R,14,n00089,0,0,0,0,
76,14,14,j00576,568116608,MZN6,22,2,5,L,14,n00151,0,0,0,0,
76,14,14,j00583,568116609,MZN6,22,2,5,L,16,n00151,0,0,0,0,
77,14,14,j00566,568116607,MZN6,22,3,5,R,16,n00152,1,1,1,14,16
77,14,0,j00422,568103841,MZN5,21,3,1,R,21,n00092,1,0,0,0,10
77,14,0,j00435,568103842,MZN5,21,3,1,R,14,n00092,1,0,0,0,10
77,14,0,j00409,568103839,MZN5,21,3,5,L,14,n00092,1,0,0,0,10
77,14,14,j00625,568116613,MZN6,22,3,3,R,16,n00152,1,0,0,0,16
77,14,14,j00652,568116615,MZN6,22,3,4,L,16,n00152,1,0,0,0,16
77,14,14,j00666,568116616,MZN6,22,3,5,L,16,n00152,1,0,0,0,16
77,14,14,j00590,568116610,MZN6,22,3,5,R,8,n00152,1,0,0,0,16
77,14,14,j00603,568116611,MZN6,22,3,5,R,8,n00152,1,0,0,0,16
77,14,14,j00639,568116614,MZN6,22,3,5,R,16,n00152,1,0,0,0,16
77,14,0,j00613,568116612,MZN5,9,4,6,R,14,n00073,0,0,0,0,
77,14,0,j00701,568116621,MZN5,9,4,6,R,14,n00073,0,0,0,0,
77,14,0,j00713,568116625,MZN5,9,4,6,R,14,n00073,0,0,0,0,
77,14,0,j00725,568116626,MZN5,9,4,6,R,14,n00073,0,0,0,0,
77,14,0,j00486,568114282,MZN5,17,7,1,L,14,n00087,0,0,0,0,
77,14,0,j00498,568114283,MZN5,17,7,1,L,14,n00087,0,0,0,0,
77,14,0,j00474,568114281,MZN5,17,8,3,R,14,n00088,0,0,0,0,
77,14,0,j00462,568114280,MZN5,17,8,4,L,14,n00088,0,0,0,0,
77,14,0,j00510,568114284,MZN5,17,8,5,R,14,n00088,0,0,0,0,
77,14,0,j00522,568114285,MZN5,17,9,5,R,14,n00089,0,0,0,0,
77,14,14,j00382,568087751,MZN6,17,2,1,L,140,n00134,0,0,0,0,
77,14,14,j00577,568116608,MZN6,22,2,5,L,14,n00151,0,0,0,0,
77,14,14,j00584,568116609,MZN6,22,2,5,L,16,n00151,0,0,0,0,
78,7,7,j00436,568109530,MZN6,17,3,1,L,329,n00135,1,1,1,7,21
78,7,7,j00437,568109531,MZN6,17,3,2,L,105,n00135,1,0,0,0,21
79,14,14,j00526,568114658,MZN6,16,8,2,R,16,n00133,1,1,1,14,7
79,14,14,j00525,568114657,MZN6,16,5,3,L,915,n00132,0,0,0,0,
80,14,14,j00527,568114658,MZN6,16,8,2,R,14,n00133,1,1,1,14,7
80,14,0,j00444,568112636,MZN4,24,7,1,R,16,n00038,0,0,0,0,
80,14,0,j00326,568043446,MZN4,24,9,3,L,397,n00039,0,0,0,0,
80,14,0,j00327,568043449,MZN4,24,9,3,L,399,n00039,0,0,0,0,
81,7,7,j00903,568190615,MZN5,4,14,3,R,314,n00054,1,1,1,7,3
81,7,7,j00904,568190618,MZN5,4,14,2,R,8,n00054,1,0,0,0,3
81,7,7,j00905,568190620,MZN5,4,14,2,R,385,n00054,1,0,0,0,3
82,7,7,j00162,567907662,MZN6,21,9,1,L,455,n00147,1,1,1,7,12
83,7,7,j00322,568031254,MZN5,25,3,1,R,32,n00096,1,1,1,7,9
83,7,7,j00325,568031259,MZN5,25,6,5,R,437,n00097,0,0,0,0,
84,7,7,j00323,568031254,MZN5,25,3,1,R,40,n00096,1,1,1,7,9
84,7,7,j00324,568031255,MZN5,25,6,6,R,436,n00097,0,0,0,0,
85,7,7,j00797,568131735,MZN6,20,10,3,L,21,n00145,1,1,1,7,8
85,7,0,j00735,568123619,MZN4,14,4,5,R,84,n00028,0,0,0,0,
85,7,0,j00736,568123621,MZN4,14,4,5,R,301,n00028,0,0,0,0,
85,7,0,j00738,568123624,MZN4,14,4,5,R,315,n00028,0,0,0,0,
85,7,0,j00734,568123615,MZN4,14,4,6,R,238,n00028,0,0,0,0,
85,7,0,j00737,568123622,MZN4,14,4,7,R,217,n00028,0,0,0,0,
85,7,0,j00819,568170383,MZN5,9,15,1,L,7,n00074,0,0,0,0,
86,7,7,j00010,167075241,MZN2,19,16,2,L,16,n00023,1,1,1,7,7
86,7,7,j00013,167075242,MZN2,19,16,2,R,63,n00023,1,0,0,0,7
86,7,7,j00025,167075247,MZN2,18,11,2,L,68,n00018,0,0,0,0,
86,7,7,j00027,167075248,MZN2,18,12,2,R,140,n00019,0,0,0,0,
87,7,7,j00011,167075241,MZN2,19,16,2,L,24,n00023,1,1,1,7,7
87,7,7,j00026,167075247,MZN2,18,11,2,L,64,n00018,0,0,0,0,
87,7,7,j00028,167075248,MZN2,18,12,2,R,16,n00019,0,0,0,0,
87,7,7,j00015,167075243,MZN2,19,17,2,L,231,n00024,0,0,0,0,
87,7,0,j00906,568194668,MZN4,27,17,4,R,8,n00040,0,0,0,0,
