THM_ID,FLOOR,AISLE,COLUMN,SHELF,LEFT_OR_RIGHT,ARTICLE_CODE,STOCK_AMOUNT
167046755,MZN2,3,7,1,R,46,7
167046755,MZN2,3,7,1,R,42,287
167046755,MZN2,3,7,1,R,45,21
167046755,MZN2,3,7,1,R,47,7
167075241,MZN2,19,16,2,L,37,77
167075241,MZN2,19,16,2,L,38,98
167075241,MZN2,19,16,2,L,41,49
167075241,MZN2,19,16,2,L,87,21
167075241,MZN2,19,16,2,L,40,77
167075241,MZN2,19,16,2,L,86,14
167075241,MZN2,19,16,2,L,39,119
167075242,MZN2,19,16,2,R,37,112
167075242,MZN2,19,16,2,R,86,63
167075243,MZN2,19,17,2,L,87,231
167075243,MZN2,19,17,2,L,37,42
167075244,MZN2,19,17,2,R,37,168
167075244,MZN2,19,17,2,R,40,217
167075244,MZN2,19,17,2,R,38,77
167075245,MZN2,18,10,2,L,39,154
167075245,MZN2,18,10,2,L,37,168
167075245,MZN2,18,10,2,L,38,28
167075246,MZN2,18,11,2,L,39,154
167075246,MZN2,18,11,2,L,38,308
167075246,MZN2,18,11,2,L,40,7
167075247,MZN2,18,11,2,L,86,63
167075247,MZN2,18,11,2,L,87,63
167075248,MZN2,18,12,2,R,87,14
167075248,MZN2,18,12,2,R,86,140
167075249,MZN2,18,12,2,L,37,84
167075249,MZN2,18,12,2,L,38,91
167075249,MZN2,18,12,2,L,39,112
167075249,MZN2,18,12,2,L,40,28
167075249,MZN2,18,12,2,L,41,21
167075250,MZN2,18,13,2,R,39,91
167075250,MZN2,18,13,2,R,37,70
167075250,MZN2,18,13,2,R,40,63
167075251,MZN2,18,13,2,L,39,49
167075251,MZN2,18,13,2,L,37,126
167075251,MZN2,18,13,2,L,38,126
167075252,MZN2,18,13,2,L,38,84
167075252,MZN2,18,13,2,L,40,154
167075252,MZN2,18,13,2,L,39,77
167075253,MZN2,18,14,2,R,41,119
167075253,MZN2,18,14,2,R,39,84
167075253,MZN2,18,14,2,R,40,35
167075254,MZN2,18,14,2,R,39,14
167075254,MZN2,18,14,2,R,37,7
167075254,MZN2,18,14,2,R,41,98
167075255,MZN2,18,15,2,L,41,126
167075325,MZN2,2,3,1,R,46,301
167075325,MZN2,2,3,1,R,44,7
167075325,MZN2,2,3,1,R,45,42
167075326,MZN2,2,3,1,R,53,378
167075328,MZN2,2,4,1,R,52,189
167075329,MZN2,2,4,2,L,52,448
167075329,MZN2,2,4,2,L,51,252
167075330,MZN2,2,5,1,L,51,329
167075331,MZN2,2,5,1,R,45,441
167075331,MZN2,2,5,1,R,44,28
167075332,MZN2,2,5,1,L,51,287
167075333,MZN2,2,5,2,R,51,168
167075334,MZN2,2,4,1,L,51,203
167075335,MZN2,2,7,2,L,48,399
167075336,MZN2,2,8,2,R,48,189
167075337,MZN2,2,7,2,R,48,693
167075338,MZN2,2,8,1,R,49,406
167075339,MZN2,2,8,1,R,49,469
167075340,MZN2,2,9,2,R,49,126
167075341,MZN2,2,8,1,L,49,385
167075342,MZN2,3,3,2,L,43,112
167075342,MZN2,3,3,2,L,44,483
167075343,MZN2,3,3,2,L,43,315
167075343,MZN2,3,3,2,L,44,91
167075344,MZN2,3,2,2,R,44,357
167075345,MZN2,3,4,1,R,42,126
167075345,MZN2,3,4,1,R,43,525
167075345,MZN2,3,4,1,R,44,7
167075346,MZN2,3,5,1,R,50,336
167075347,MZN2,3,7,2,L,50,700
167075349,MZN2,3,9,1,R,42,112
167075349,MZN2,3,9,1,R,44,161
167075349,MZN2,3,9,1,R,45,105
167075349,MZN2,3,9,1,R,47,56
167075349,MZN2,3,9,1,R,46,70
167075349,MZN2,3,9,1,R,43,161
167075350,MZN2,3,8,2,R,50,273
167075351,MZN2,4,3,2,R,50,616
167075351,MZN2,4,3,2,R,49,7
167075352,MZN2,4,5,2,R,49,350
167075353,MZN2,4,3,2,L,49,343
167075391,MZN2,2,2,1,R,46,84
167075391,MZN2,2,2,1,R,45,7
167075391,MZN2,2,2,1,R,47,273
567225324,MZN6,2,13,4,L,6,20
567426429,MZN6,2,13,1,R,6,20
567428980,MZN6,23,12,3,R,4,20
567445885,MZN6,3,15,4,L,6,19
567516200,MZN6,2,10,3,L,6,20
567617708,MZN6,2,12,2,L,6,8
567619261,MZN5,6,9,3,R,30,315
567625055,MZN6,2,11,3,R,19,16
567645418,MZN5,6,12,4,L,32,245
567651737,MZN6,22,8,4,R,4,20
567652971,MZN5,6,9,3,R,29,245
567655942,MZN6,3,11,3,L,4,20
567658756,MZN6,19,4,2,L,10,2
567701338,MZN6,22,14,3,L,4,20
567704601,MZN5,6,9,3,R,30,315
567729211,MZN6,3,14,3,L,4,20
567731239,MZN6,3,14,3,L,4,18
567732667,MZN6,22,17,1,L,4,20
567740658,MZN5,26,6,7,R,2,20
567743764,MZN5,6,11,4,L,33,168
567746298,MZN6,22,16,1,R,5,20
567749707,MZN5,6,14,4,R,31,224
567753154,MZN6,14,2,1,R,2,9
567753164,MZN6,14,2,4,L,2,1
567754686,MZN5,6,9,4,L,31,280
567754702,MZN5,6,11,3,L,30,315
567754709,MZN5,6,11,2,L,30,315
567754812,MZN5,6,12,3,L,29,315
567755619,MZN5,6,9,4,R,30,315
567762195,MZN5,4,7,4,L,3,11
567762465,MZN5,6,9,3,R,31,280
567763432,MZN5,26,7,2,R,2,16
567763469,MZN5,26,6,2,R,1,16
567763470,MZN5,26,6,7,R,1,16
567763471,MZN5,26,6,7,R,1,16
567763638,MZN5,21,4,1,L,2,10
567763643,MZN5,20,4,5,L,1,13
567763644,MZN5,20,4,5,L,1,16
567763645,MZN5,20,4,5,L,1,4
567763655,MZN5,20,4,4,L,1,15
567763672,MZN5,12,4,2,R,2,15
567763673,MZN5,12,1,3,R,2,18
567763679,MZN5,12,3,2,L,2,15
567763681,MZN5,12,5,5,R,2,20
567763810,MZN5,26,7,6,R,1,16
567763812,MZN5,26,7,6,R,1,16
567763855,MZN5,10,5,1,L,2,16
567763857,MZN5,10,5,3,L,2,16
567763886,MZN5,20,4,5,L,1,16
567763888,MZN5,20,4,5,L,1,16
567763891,MZN5,12,2,3,L,2,15
567763902,MZN5,27,9,1,L,1,16
567763903,MZN5,26,8,3,R,1,16
567765232,MZN5,6,9,4,L,31,280
567789254,MZN6,3,14,3,L,4,22
567847591,MZN5,6,11,3,L,29,315
567877465,MZN6,7,10,1,L,1,1
567877553,MZN6,21,16,5,R,3,1
567878624,MZN6,22,17,3,L,5,20
567879703,MZN6,21,11,3,L,72,497
567881782,MZN5,2,19,1,R,58,112
567883715,MZN6,2,13,4,L,6,11
567883715,MZN6,2,13,4,L,5,7
567883909,MZN6,23,12,3,R,4,20
567883910,MZN6,22,3,4,L,4,20
567887131,MZN5,6,11,4,L,31,280
567898816,MZN6,22,16,3,R,6,20
567907662,MZN6,21,9,1,L,82,448
567923419,MZN6,22,17,4,L,4,20
567952428,MZN4,16,12,4,R,76,7
567952428,MZN4,16,12,4,R,75,7
567957655,MZN6,2,15,2,L,5,20
567964361,MZN6,3,7,2,R,5,20
567964363,MZN6,3,7,2,L,5,20
567964364,MZN6,3,7,2,L,4,20
567964365,MZN6,3,7,5,L,5,20
567964367,MZN6,3,6,3,L,5,20
567964370,MZN6,3,6,4,R,5,20
567964371,MZN6,3,6,4,R,5,20
567964372,MZN6,3,6,4,R,5,20
567964375,MZN6,3,6,3,L,5,20
567964377,MZN6,3,14,3,L,5,20
567964379,MZN6,3,14,3,L,4,20
567964382,MZN6,3,14,2,L,4,20
567964383,MZN6,23,12,3,R,4,20
567964386,MZN6,22,14,3,L,4,20
567967570,MZN6,1,4,1,R,4,18
567967577,MZN6,1,5,4,L,4,20
567967579,MZN6,1,4,3,R,4,20
567967580,MZN6,1,4,4,R,4,20
567967588,MZN6,23,1,4,L,7,16
567967591,MZN6,23,1,4,L,6,20
567967595,MZN6,23,1,4,R,4,3
567967622,MZN6,20,11,1,L,5,20
567967624,MZN6,20,11,3,R,4,20
567967625,MZN6,20,11,1,L,4,20
567967626,MZN6,20,10,4,L,5,20
567967627,MZN6,20,11,4,L,5,20
567967628,MZN6,20,10,4,L,5,20
567967630,MZN6,20,10,4,R,4,20
567967632,MZN6,20,10,4,L,5,20
567967633,MZN6,20,11,2,R,5,20
567967635,MZN6,20,10,4,L,5,20
567967644,MZN6,3,9,1,L,4,20
567967659,MZN6,2,2,4,L,4,20
567967661,MZN6,2,2,4,L,4,20
567967668,MZN6,2,2,2,L,6,20
567967670,MZN6,2,3,2,L,6,20
567967674,MZN6,1,2,1,L,6,20
567967675,MZN6,1,2,4,R,5,20
567967676,MZN6,1,2,4,L,5,20
567967677,MZN6,1,2,2,R,5,20
567967678,MZN6,1,2,2,L,5,20
567967679,MZN6,1,3,2,L,5,20
567967680,MZN6,1,2,2,R,5,20
567967681,MZN6,1,3,3,L,5,20
567967682,MZN6,1,3,4,L,5,20
567967683,MZN6,1,2,3,L,6,15
567967687,MZN6,1,2,1,R,5,20
567967689,MZN6,1,2,1,R,5,11
567968338,MZN6,1,3,3,L,6,20
567968377,MZN5,8,13,2,L,4,20
567968383,MZN5,8,9,1,L,4,18
567968384,MZN5,8,12,3,L,4,20
567968385,MZN5,8,10,4,L,4,20
567968387,MZN5,8,10,2,L,4,20
567968399,MZN6,25,11,4,L,5,20
567968401,MZN6,25,10,1,R,6,20
567968411,MZN6,22,8,4,L,6,20
567968412,MZN6,22,6,2,L,4,20
567968415,MZN6,22,8,4,L,4,20
567969052,MZN6,23,12,3,L,5,20
567969056,MZN6,23,12,3,L,5,20
567969070,MZN6,3,11,4,L,5,20
567969071,MZN6,3,11,4,L,5,20
567969074,MZN6,3,12,4,L,5,20
567969087,MZN6,26,16,4,R,5,20
567969104,MZN6,3,12,3,L,6,20
567969124,MZN6,26,9,4,L,5,20
567969128,MZN6,3,17,4,L,7,20
567969136,MZN6,26,7,3,L,6,20
567969137,MZN6,3,17,4,L,6,20
567969144,MZN6,3,17,2,L,7,4
567969146,MZN6,3,17,4,L,4,20
567969149,MZN6,3,17,4,L,7,20
567971405,MZN6,20,7,2,R,4,20
567971423,MZN6,26,16,4,R,5,20
567973288,MZN5,6,14,4,R,33,217
567975009,MZN5,17,2,2,L,26,7
567997831,MZN5,19,9,6,L,11,6
568008845,MZN5,6,12,3,R,16,16
568008862,MZN6,8,9,2,L,16,21
568008867,MZN6,8,10,4,L,17,6
568008875,MZN6,8,11,1,L,16,20
568008877,MZN6,8,12,3,L,16,30
568009157,MZN5,6,8,2,L,15,20
568009162,MZN5,8,12,3,L,16,7
568009162,MZN5,8,12,3,L,15,11
568009163,MZN5,8,14,3,L,14,20
568009164,MZN5,8,12,2,L,14,17
568009166,MZN5,8,14,1,L,14,12
568009171,MZN5,8,12,3,L,16,20
568009172,MZN5,8,12,4,L,16,20
568009173,MZN5,8,14,3,L,16,20
568009174,MZN5,8,12,1,L,16,20
568009175,MZN5,8,14,2,L,16,17
568009176,MZN5,8,14,4,L,15,20
568009177,MZN5,8,15,3,L,15,20
568009181,MZN5,5,11,4,R,15,20
568009185,MZN5,5,11,3,R,15,3
568009186,MZN5,5,12,2,R,15,20
568009188,MZN5,5,11,2,R,14,8
568009195,MZN5,6,15,4,L,16,20
568009196,MZN5,6,15,2,R,16,20
568009199,MZN5,6,15,2,R,16,15
568009201,MZN5,6,15,3,R,15,20
568009203,MZN5,6,15,2,R,15,10
568009203,MZN5,6,15,2,R,16,10
568009204,MZN5,6,15,2,R,15,20
568009205,MZN5,6,15,2,R,16,20
568009206,MZN5,6,15,1,L,16,20
568009207,MZN5,6,15,4,L,16,20
568009208,MZN5,6,14,2,R,16,20
568009209,MZN5,6,15,1,R,14,20
568009210,MZN5,6,15,1,R,14,10
568009210,MZN5,6,15,1,R,16,10
568009211,MZN6,8,14,1,L,16,19
568009212,MZN6,8,14,3,L,14,17
568009213,MZN6,8,15,4,L,16,20
568009214,MZN6,8,15,2,R,16,20
568009215,MZN6,8,15,4,L,16,21
568009216,MZN6,8,15,2,R,16,20
568009217,MZN6,8,13,1,R,15,20
568009218,MZN6,8,14,1,L,15,20
568009219,MZN6,8,15,5,L,16,3
568009220,MZN6,8,15,2,R,15,6
568009220,MZN6,8,15,2,R,16,3
568009223,MZN6,8,14,3,L,16,10
568009225,MZN6,8,14,1,L,16,20
568009521,MZN5,6,13,3,L,15,25
568009522,MZN5,6,11,4,R,15,25
568009525,MZN5,6,13,3,L,14,28
568009531,MZN5,6,8,1,R,15,25
568009543,MZN5,6,9,1,L,14,21
568009544,MZN5,6,9,1,L,15,21
568012125,MZN5,6,14,4,R,31,280
568018505,MZN5,21,3,2,L,27,126
568018506,MZN5,21,3,1,L,27,112
568018507,MZN5,21,3,3,R,27,126
568018508,MZN5,21,3,3,R,27,119
568018509,MZN5,21,3,3,R,27,119
568018510,MZN5,21,3,4,L,25,126
568018511,MZN5,21,3,3,R,27,126
568018512,MZN5,21,3,4,R,26,126
568018513,MZN5,21,3,1,L,25,140
568018514,MZN5,21,3,4,R,25,140
568018515,MZN5,21,3,4,R,26,140
568018516,MZN5,21,3,4,L,24,133
568018517,MZN5,21,3,4,R,25,140
568018518,MZN5,21,3,1,L,26,140
568018519,MZN5,21,3,4,L,24,140
568018520,MZN5,21,3,5,R,24,140
568018521,MZN5,21,3,1,L,26,140
568018522,MZN5,21,3,5,R,25,140
568018523,MZN5,21,3,5,R,24,140
568018524,MZN5,21,3,5,R,25,140
568024595,MZN6,4,3,1,L,3,2
568031254,MZN5,25,3,1,R,84,35
568031254,MZN5,25,3,1,R,83,28
568031255,MZN5,25,6,6,R,84,434
568031259,MZN5,25,6,5,R,83,434
568043446,MZN4,24,9,3,L,80,385
568043449,MZN4,24,9,3,L,80,399
568055085,MZN4,4,3,4,L,9,16
568055087,MZN4,4,3,3,L,9,20
568055088,MZN4,4,2,6,R,10,9
568055089,MZN4,4,3,3,L,10,20
568055090,MZN4,4,3,5,R,12,20
568055093,MZN4,4,3,5,R,12,3
568055107,MZN4,4,3,6,R,10,20
568060944,MZN5,9,17,5,R,11,15
568060945,MZN5,9,17,7,L,11,14
568060946,MZN5,9,17,3,L,11,14
568060947,MZN5,9,17,5,R,11,16
568060948,MZN5,9,17,6,R,9,5
568060949,MZN5,9,17,3,L,11,15
568060950,MZN5,9,17,7,R,9,20
568060951,MZN5,9,17,5,R,9,20
568060970,MZN5,9,17,6,R,11,19
568060972,MZN5,9,17,6,R,11,14
568060972,MZN5,9,17,6,R,9,1
568060980,MZN5,9,17,6,R,13,18
568060981,MZN5,9,17,6,L,10,16
568060981,MZN5,9,17,6,L,12,3
568060982,MZN5,9,17,5,R,13,6
568060983,MZN5,9,17,6,R,10,16
568060985,MZN5,9,17,5,R,10,6
568060985,MZN5,9,17,5,R,12,7
568060986,MZN5,9,17,6,R,8,9
568060988,MZN5,9,17,7,R,8,20
568061446,MZN5,11,1,2,R,14,4
568061447,MZN5,11,1,2,R,14,20
568061448,MZN5,11,2,6,R,14,20
568061449,MZN5,11,2,6,R,14,7
568061449,MZN5,11,2,6,R,15,13
568061450,MZN5,11,2,6,R,14,20
568061458,MZN5,11,1,6,L,15,20
568061459,MZN5,11,1,5,R,15,20
568061463,MZN5,11,2,4,R,16,14
568061464,MZN5,11,1,5,R,16,15
568061488,MZN5,21,16,6,R,15,17
568061489,MZN5,21,15,5,L,15,20
568061490,MZN5,21,16,3,R,15,20
568061491,MZN5,21,15,5,L,16,10
568061491,MZN5,21,15,5,L,15,10
568061492,MZN5,21,16,6,R,16,20
568061493,MZN5,21,16,6,R,16,15
568063871,MZN4,4,3,4,R,9,18
568063873,MZN4,4,3,4,L,10,18
568063874,MZN4,4,3,4,L,10,18
568063876,MZN4,4,3,5,R,12,18
568063877,MZN4,4,3,4,R,12,19
568068609,MZN6,20,1,1,R,1,2
568078407,MZN4,17,14,4,L,32,77
568078418,MZN4,17,13,4,L,30,35
568078425,MZN5,5,12,1,L,30,231
568078962,MZN6,25,3,5,R,23,1
568087751,MZN6,17,2,1,L,77,140
568089028,MZN5,2,19,1,R,58,273
568089029,MZN5,2,19,2,R,57,105
568089031,MZN5,2,19,1,R,57,210
568093464,MZN4,17,14,6,R,24,35
568093466,MZN4,17,14,2,L,32,133
568093467,MZN4,17,14,1,R,28,14
568093467,MZN4,17,14,1,R,25,70
568093469,MZN4,15,10,6,R,32,112
568093471,MZN4,15,10,5,R,28,154
568093473,MZN4,17,14,2,L,31,28
568093473,MZN4,17,14,2,L,28,91
568093475,MZN4,15,10,4,L,31,196
568093484,MZN4,15,10,6,R,26,7
568093486,MZN4,15,10,4,L,27,70
568093486,MZN4,15,10,4,L,26,70
568103839,MZN5,21,3,5,L,64,14
568103839,MZN5,21,3,5,L,69,14
568103839,MZN5,21,3,5,L,71,7
568103839,MZN5,21,3,5,L,75,14
568103839,MZN5,21,3,5,L,76,14
568103839,MZN5,21,3,5,L,77,14
568103839,MZN5,21,3,5,L,73,7
568103839,MZN5,21,3,5,L,74,7
568103839,MZN5,21,3,5,L,65,14
568103839,MZN5,21,3,5,L,68,14
568103839,MZN5,21,3,5,L,66,14
568103839,MZN5,21,3,5,L,67,14
568103841,MZN5,21,3,1,R,74,21
568103841,MZN5,21,3,1,R,71,21
568103841,MZN5,21,3,1,R,66,14
568103841,MZN5,21,3,1,R,77,21
568103841,MZN5,21,3,1,R,67,14
568103841,MZN5,21,3,1,R,69,14
568103841,MZN5,21,3,1,R,73,21
568103841,MZN5,21,3,1,R,68,14
568103841,MZN5,21,3,1,R,70,14
568103841,MZN5,21,3,1,R,75,14
568103841,MZN5,21,3,1,R,64,14
568103841,MZN5,21,3,1,R,65,14
568103841,MZN5,21,3,1,R,76,21
568103842,MZN5,21,3,1,R,75,21
568103842,MZN5,21,3,1,R,77,14
568103842,MZN5,21,3,1,R,73,14
568103842,MZN5,21,3,1,R,69,21
568103842,MZN5,21,3,1,R,76,21
568103842,MZN5,21,3,1,R,71,14
568103842,MZN5,21,3,1,R,74,7
568103842,MZN5,21,3,1,R,67,14
568103842,MZN5,21,3,1,R,64,21
568103842,MZN5,21,3,1,R,65,21
568103842,MZN5,21,3,1,R,66,21
568103842,MZN5,21,3,1,R,68,21
568103842,MZN5,21,3,1,R,70,21
568109530,MZN6,17,3,1,L,78,329
568109531,MZN6,17,3,2,L,78,98
568112350,MZN6,18,9,1,L,64,770
568112352,MZN6,18,9,1,R,67,399
568112352,MZN6,18,9,1,R,69,105
568112401,MZN4,24,9,3,L,64,280
568112628,MZN4,24,6,4,R,71,49
568112630,MZN4,24,6,1,R,64,7
568112636,MZN4,24,7,1,R,80,14
568112637,MZN4,24,6,1,R,64,35
568113037,MZN4,24,6,5,R,66,147
568114279,MZN5,17,7,1,L,64,7
568114279,MZN5,17,7,1,L,71,7
568114279,MZN5,17,7,1,L,74,14
568114279,MZN5,17,7,1,L,66,7
568114280,MZN5,17,8,4,L,65,14
568114280,MZN5,17,8,4,L,67,14
568114280,MZN5,17,8,4,L,74,14
568114280,MZN5,17,8,4,L,64,21
568114280,MZN5,17,8,4,L,69,14
568114280,MZN5,17,8,4,L,77,14
568114280,MZN5,17,8,4,L,68,14
568114280,MZN5,17,8,4,L,75,14
568114280,MZN5,17,8,4,L,66,21
568114280,MZN5,17,8,4,L,71,21
568114280,MZN5,17,8,4,L,73,14
568114280,MZN5,17,8,4,L,76,21
568114281,MZN5,17,8,3,R,66,14
568114281,MZN5,17,8,3,R,64,14
568114281,MZN5,17,8,3,R,68,14
568114281,MZN5,17,8,3,R,69,14
568114281,MZN5,17,8,3,R,75,14
568114281,MZN5,17,8,3,R,76,14
568114281,MZN5,17,8,3,R,71,14
568114281,MZN5,17,8,3,R,77,14
568114281,MZN5,17,8,3,R,73,14
568114281,MZN5,17,8,3,R,74,14
568114281,MZN5,17,8,3,R,65,14
568114281,MZN5,17,8,3,R,67,14
568114282,MZN5,17,7,1,L,64,14
568114282,MZN5,17,7,1,L,66,14
568114282,MZN5,17,7,1,L,75,14
568114282,MZN5,17,7,1,L,77,14
568114282,MZN5,17,7,1,L,67,14
568114282,MZN5,17,7,1,L,74,14
568114282,MZN5,17,7,1,L,76,14
568114282,MZN5,17,7,1,L,65,14
568114282,MZN5,17,7,1,L,71,14
568114282,MZN5,17,7,1,L,73,14
568114282,MZN5,17,7,1,L,68,14
568114282,MZN5,17,7,1,L,69,14
568114283,MZN5,17,7,1,L,75,14
568114283,MZN5,17,7,1,L,77,14
568114283,MZN5,17,7,1,L,65,14
568114283,MZN5,17,7,1,L,66,14
568114283,MZN5,17,7,1,L,69,14
568114283,MZN5,17,7,1,L,67,14
568114283,MZN5,17,7,1,L,68,14
568114283,MZN5,17,7,1,L,74,14
568114283,MZN5,17,7,1,L,64,14
568114283,MZN5,17,7,1,L,76,14
568114283,MZN5,17,7,1,L,73,14
568114283,MZN5,17,7,1,L,71,14
568114284,MZN5,17,8,5,R,67,21
568114284,MZN5,17,8,5,R,74,14
568114284,MZN5,17,8,5,R,77,14
568114284,MZN5,17,8,5,R,64,14
568114284,MZN5,17,8,5,R,65,14
568114284,MZN5,17,8,5,R,69,14
568114284,MZN5,17,8,5,R,73,14
568114284,MZN5,17,8,5,R,68,14
568114284,MZN5,17,8,5,R,75,14
568114284,MZN5,17,8,5,R,76,14
568114284,MZN5,17,8,5,R,71,14
568114284,MZN5,17,8,5,R,66,14
568114285,MZN5,17,9,5,R,66,14
568114285,MZN5,17,9,5,R,69,14
568114285,MZN5,17,9,5,R,67,7
568114285,MZN5,17,9,5,R,71,21
568114285,MZN5,17,9,5,R,77,14
568114285,MZN5,17,9,5,R,64,14
568114285,MZN5,17,9,5,R,68,14
568114285,MZN5,17,9,5,R,65,14
568114285,MZN5,17,9,5,R,73,14
568114285,MZN5,17,9,5,R,76,14
568114285,MZN5,17,9,5,R,74,14
568114285,MZN5,17,9,5,R,75,14
568114646,MZN6,18,9,1,L,65,581
568114653,MZN6,18,10,2,R,68,322
568114657,MZN6,16,5,3,L,79,903
568114658,MZN6,16,8,2,R,79,14
568114658,MZN6,16,8,2,R,80,14
568114660,MZN5,16,3,5,R,75,91
568114660,MZN5,16,3,5,R,76,133
568114661,MZN6,16,5,3,L,73,175
568116402,MZN5,12,2,1,L,66,7
568116402,MZN5,12,2,1,L,71,21
568116402,MZN5,12,2,1,L,74,21
568116402,MZN5,12,2,1,L,64,14
568116403,MZN5,12,2,1,R,64,14
568116403,MZN5,12,2,1,R,75,14
568116403,MZN5,12,2,1,R,74,14
568116403,MZN5,12,2,1,R,66,14
568116403,MZN5,12,2,1,R,71,14
568116404,MZN5,12,2,1,L,66,14
568116404,MZN5,12,2,1,L,75,14
568116404,MZN5,12,2,1,L,64,14
568116404,MZN5,12,2,1,L,74,14
568116404,MZN5,12,2,1,L,71,14
568116606,MZN6,22,3,5,R,65,7
568116606,MZN6,22,3,5,R,66,7
568116606,MZN6,22,3,5,R,70,7
568116606,MZN6,22,3,5,R,64,7
568116606,MZN6,22,3,5,R,74,7
568116606,MZN6,22,3,5,R,71,7
568116606,MZN6,22,3,5,R,69,7
568116606,MZN6,22,3,5,R,76,7
568116607,MZN6,22,3,5,R,68,21
568116607,MZN6,22,3,5,R,72,14
568116607,MZN6,22,3,5,R,73,14
568116607,MZN6,22,3,5,R,77,14
568116607,MZN6,22,3,5,R,64,14
568116607,MZN6,22,3,5,R,69,21
568116607,MZN6,22,3,5,R,76,14
568116607,MZN6,22,3,5,R,67,14
568116607,MZN6,22,3,5,R,75,14
568116607,MZN6,22,3,5,R,65,7
568116607,MZN6,22,3,5,R,66,14
568116607,MZN6,22,3,5,R,70,14
568116607,MZN6,22,3,5,R,71,7
568116607,MZN6,22,3,5,R,74,14
568116608,MZN6,22,2,5,L,72,14
568116608,MZN6,22,2,5,L,74,14
568116608,MZN6,22,2,5,L,77,14
568116608,MZN6,22,2,5,L,64,7
568116608,MZN6,22,2,5,L,70,112
568116608,MZN6,22,2,5,L,73,14
568116608,MZN6,22,2,5,L,76,14
568116608,MZN6,22,2,5,L,69,7
568116608,MZN6,22,2,5,L,75,14
568116608,MZN6,22,2,5,L,65,7
568116608,MZN6,22,2,5,L,71,14
568116609,MZN6,22,2,5,L,75,21
568116609,MZN6,22,2,5,L,71,14
568116609,MZN6,22,2,5,L,73,14
568116609,MZN6,22,2,5,L,72,14
568116609,MZN6,22,2,5,L,74,14
568116609,MZN6,22,2,5,L,76,14
568116609,MZN6,22,2,5,L,77,14
568116610,MZN6,22,3,5,R,64,7
568116610,MZN6,22,3,5,R,76,7
568116610,MZN6,22,3,5,R,77,7
568116610,MZN6,22,3,5,R,66,7
568116610,MZN6,22,3,5,R,71,7
568116610,MZN6,22,3,5,R,74,7
568116611,MZN6,22,3,5,R,64,7
568116611,MZN6,22,3,5,R,75,7
568116611,MZN6,22,3,5,R,70,7
568116611,MZN6,22,3,5,R,66,7
568116611,MZN6,22,3,5,R,73,7
568116611,MZN6,22,3,5,R,67,7
568116611,MZN6,22,3,5,R,69,7
568116611,MZN6,22,3,5,R,74,7
568116611,MZN6,22,3,5,R,65,7
568116611,MZN6,22,3,5,R,71,7
568116611,MZN6,22,3,5,R,77,7
568116611,MZN6,22,3,5,R,68,7
568116611,MZN6,22,3,5,R,76,7
568116612,MZN5,9,4,6,R,77,14
568116612,MZN5,9,4,6,R,71,14
568116612,MZN5,9,4,6,R,76,14
568116612,MZN5,9,4,6,R,66,21
568116612,MZN5,9,4,6,R,65,14
568116612,MZN5,9,4,6,R,64,14
568116612,MZN5,9,4,6,R,68,21
568116612,MZN5,9,4,6,R,67,14
568116612,MZN5,9,4,6,R,69,14
568116612,MZN5,9,4,6,R,73,14
568116613,MZN6,22,3,3,R,70,7
568116613,MZN6,22,3,3,R,74,14
568116613,MZN6,22,3,3,R,68,7
568116613,MZN6,22,3,3,R,72,14
568116613,MZN6,22,3,3,R,76,14
568116613,MZN6,22,3,3,R,64,7
568116613,MZN6,22,3,3,R,65,7
568116613,MZN6,22,3,3,R,66,7
568116613,MZN6,22,3,3,R,71,14
568116613,MZN6,22,3,3,R,73,14
568116613,MZN6,22,3,3,R,75,14
568116613,MZN6,22,3,3,R,77,14
568116614,MZN6,22,3,5,R,72,14
568116614,MZN6,22,3,5,R,66,14
568116614,MZN6,22,3,5,R,67,14
568116614,MZN6,22,3,5,R,69,14
568116614,MZN6,22,3,5,R,71,14
568116614,MZN6,22,3,5,R,73,14
568116614,MZN6,22,3,5,R,75,14
568116614,MZN6,22,3,5,R,64,14
568116614,MZN6,22,3,5,R,65,14
568116614,MZN6,22,3,5,R,74,14
568116614,MZN6,22,3,5,R,70,14
568116614,MZN6,22,3,5,R,77,14
568116614,MZN6,22,3,5,R,68,14
568116614,MZN6,22,3,5,R,76,14
568116615,MZN6,22,3,4,L,65,14
568116615,MZN6,22,3,4,L,73,14
568116615,MZN6,22,3,4,L,77,14
568116615,MZN6,22,3,4,L,69,14
568116615,MZN6,22,3,4,L,76,14
568116615,MZN6,22,3,4,L,64,14
568116615,MZN6,22,3,4,L,68,14
568116615,MZN6,22,3,4,L,71,14
568116615,MZN6,22,3,4,L,74,14
568116615,MZN6,22,3,4,L,66,14
568116615,MZN6,22,3,4,L,67,14
568116615,MZN6,22,3,4,L,70,14
568116615,MZN6,22,3,4,L,75,14
568116616,MZN6,22,3,5,L,65,14
568116616,MZN6,22,3,5,L,66,14
568116616,MZN6,22,3,5,L,67,14
568116616,MZN6,22,3,5,L,69,14
568116616,MZN6,22,3,5,L,77,14
568116616,MZN6,22,3,5,L,74,14
568116616,MZN6,22,3,5,L,68,14
568116616,MZN6,22,3,5,L,75,14
568116616,MZN6,22,3,5,L,64,14
568116616,MZN6,22,3,5,L,72,14
568116616,MZN6,22,3,5,L,73,14
568116616,MZN6,22,3,5,L,70,14
568116616,MZN6,22,3,5,L,71,14
568116616,MZN6,22,3,5,L,76,14
568116617,MZN5,9,4,6,R,67,14
568116617,MZN5,9,4,6,R,73,14
568116617,MZN5,9,4,6,R,76,7
568116617,MZN5,9,4,6,R,65,14
568116617,MZN5,9,4,6,R,71,14
568116617,MZN5,9,4,6,R,64,14
568116617,MZN5,9,4,6,R,66,7
568116617,MZN5,9,4,6,R,68,7
568116618,MZN5,9,4,2,L,66,14
568116618,MZN5,9,4,2,L,71,21
568116618,MZN5,9,4,2,L,64,14
568116619,MZN5,9,4,2,R,69,7
568116619,MZN5,9,4,2,R,64,14
568116619,MZN5,9,4,2,R,66,14
568116619,MZN5,9,4,2,R,67,7
568116619,MZN5,9,4,2,R,68,14
568116619,MZN5,9,4,2,R,73,7
568116619,MZN5,9,4,2,R,71,14
568116620,MZN5,9,4,5,R,73,14
568116620,MZN5,9,4,5,R,69,14
568116620,MZN5,9,4,5,R,71,14
568116620,MZN5,9,4,5,R,66,14
568116620,MZN5,9,4,5,R,64,14
568116620,MZN5,9,4,5,R,65,14
568116620,MZN5,9,4,5,R,67,14
568116621,MZN5,9,4,6,R,66,21
568116621,MZN5,9,4,6,R,68,14
568116621,MZN5,9,4,6,R,69,7
568116621,MZN5,9,4,6,R,71,14
568116621,MZN5,9,4,6,R,77,14
568116621,MZN5,9,4,6,R,73,14
568116621,MZN5,9,4,6,R,67,7
568116621,MZN5,9,4,6,R,64,14
568116621,MZN5,9,4,6,R,65,14
568116621,MZN5,9,4,6,R,76,28
568116625,MZN5,9,4,6,R,75,14
568116625,MZN5,9,4,6,R,65,14
568116625,MZN5,9,4,6,R,66,14
568116625,MZN5,9,4,6,R,68,14
568116625,MZN5,9,4,6,R,71,14
568116625,MZN5,9,4,6,R,74,14
568116625,MZN5,9,4,6,R,64,14
568116625,MZN5,9,4,6,R,67,14
568116625,MZN5,9,4,6,R,77,14
568116625,MZN5,9,4,6,R,73,14
568116625,MZN5,9,4,6,R,76,14
568116625,MZN5,9,4,6,R,69,14
568116626,MZN5,9,4,6,R,66,14
568116626,MZN5,9,4,6,R,68,14
568116626,MZN5,9,4,6,R,74,14
568116626,MZN5,9,4,6,R,64,14
568116626,MZN5,9,4,6,R,65,14
568116626,MZN5,9,4,6,R,69,14
568116626,MZN5,9,4,6,R,71,14
568116626,MZN5,9,4,6,R,73,14
568116626,MZN5,9,4,6,R,75,7
568116626,MZN5,9,4,6,R,67,14
568116626,MZN5,9,4,6,R,76,14
568116626,MZN5,9,4,6,R,77,14
568119372,MZN6,21,15,1,L,56,98
568119374,MZN6,21,15,4,R,56,70
568119417,MZN6,21,15,3,L,54,154
568119419,MZN6,21,15,3,L,55,175
568119422,MZN6,21,11,4,L,54,168
568119423,MZN6,21,15,3,L,55,182
568119424,MZN6,21,15,4,R,56,182
568119425,MZN6,21,11,4,L,55,182
568123615,MZN4,14,4,6,R,85,238
568123619,MZN4,14,4,5,R,85,77
568123621,MZN4,14,4,5,R,85,301
568123622,MZN4,14,4,7,R,85,217
568123624,MZN4,14,4,5,R,85,315
568129387,MZN6,22,12,4,L,10,15
568129387,MZN6,22,12,4,L,11,15
568129388,MZN6,22,12,3,L,13,18
568129389,MZN6,22,12,2,L,8,8
568129389,MZN6,22,12,2,L,11,14
568129389,MZN6,22,12,2,L,9,5
568129390,MZN6,22,12,3,L,13,13
568129390,MZN6,22,12,3,L,23,17
568129391,MZN6,19,4,3,L,12,2
568129393,MZN6,19,6,3,L,22,22
568129393,MZN6,19,6,3,L,23,9
568129395,MZN6,19,3,1,R,11,34
568129395,MZN6,19,3,1,R,12,12
568129396,MZN6,22,11,2,R,9,30
568129397,MZN6,19,6,1,L,9,46
568129398,MZN6,19,4,3,L,10,46
568129400,MZN5,12,13,5,R,12,9
568129401,MZN6,19,1,1,R,18,46
568129402,MZN6,19,3,3,L,12,46
568129403,MZN6,19,2,3,L,18,46
568129404,MZN6,19,4,1,R,9,30
568129404,MZN6,19,4,1,R,10,16
568129405,MZN6,19,1,2,R,13,1
568129405,MZN6,19,1,2,R,18,42
568129406,MZN6,19,2,3,L,11,46
568129407,MZN6,19,1,2,R,20,35
568129408,MZN6,19,2,3,L,12,45
568129410,MZN6,19,1,3,L,11,46
568129411,MZN6,14,17,2,L,22,45
568129413,MZN6,12,17,2,L,21,45
568129414,MZN6,12,17,2,L,20,45
568129419,MZN6,14,17,4,L,21,45
568129420,MZN6,12,16,2,L,10,45
568129421,MZN6,14,17,4,L,21,45
568129422,MZN6,14,17,1,L,22,45
568129423,MZN6,12,16,3,L,22,45
568129424,MZN6,14,17,3,L,20,45
568129425,MZN6,14,17,3,L,10,46
568129426,MZN6,14,16,1,L,19,45
568129427,MZN6,12,17,1,L,19,26
568129427,MZN6,12,17,1,L,18,3
568129428,MZN6,14,17,1,L,21,45
568129429,MZN6,12,16,3,L,19,46
568129430,MZN6,12,16,1,L,20,45
568129431,MZN6,14,16,1,L,19,45
568129432,MZN6,1,11,1,L,21,43
568129433,MZN6,1,11,1,L,8,45
568129434,MZN6,1,15,5,R,20,41
568129436,MZN6,3,11,4,R,21,19
568129436,MZN6,3,11,4,R,20,17
568129437,MZN6,3,12,1,L,19,11
568129437,MZN6,3,12,1,L,20,23
568129438,MZN6,3,12,2,L,20,8
568129438,MZN6,3,12,2,L,19,28
568129446,MZN6,3,12,4,R,20,27
568129446,MZN6,3,12,4,R,22,11
568129447,MZN6,1,15,5,R,20,40
568129448,MZN6,1,14,4,L,21,29
568131735,MZN6,20,10,3,L,85,21
568133503,MZN5,3,6,5,L,26,14
568134470,MZN4,15,8,5,R,36,21
568134472,MZN4,15,8,5,R,35,70
568134473,MZN4,8,15,6,R,35,84
568134474,MZN4,8,15,7,R,35,105
568134508,MZN4,15,8,4,R,35,98
568134509,MZN4,15,8,5,R,35,70
568134510,MZN4,15,8,3,R,35,14
568134510,MZN4,15,8,3,R,36,70
568134511,MZN4,16,8,7,R,35,98
568134512,MZN4,16,8,7,R,35,91
568134513,MZN4,16,8,7,R,36,42
568134513,MZN4,16,8,7,R,35,49
568134830,MZN4,15,8,6,R,36,84
568134831,MZN4,8,15,2,R,36,77
568134832,MZN4,15,8,5,R,35,63
568134833,MZN4,16,8,7,R,36,84
568134834,MZN4,15,8,4,R,36,70
568134835,MZN4,16,8,7,R,36,84
568150258,MZN6,8,13,1,R,10,1
568150259,MZN6,8,13,5,L,9,1
568170383,MZN5,9,15,1,L,85,7
568173204,MZN6,15,14,4,R,62,5
568173204,MZN6,15,14,4,R,61,9
568173207,MZN6,15,15,2,R,60,20
568174071,MZN5,5,4,3,R,59,11
568174071,MZN5,5,4,3,R,60,9
568174072,MZN5,5,4,3,R,59,20
568174073,MZN5,5,5,4,R,60,20
568174074,MZN5,5,5,2,R,60,20
568174075,MZN5,5,4,3,R,60,4
568174075,MZN5,5,4,3,R,61,6
568174076,MZN5,5,4,3,R,60,20
568174077,MZN5,5,5,4,R,60,20
568174078,MZN5,5,4,1,R,61,20
568174079,MZN5,5,4,1,R,60,20
568174080,MZN5,5,5,4,R,61,20
568174081,MZN5,5,4,1,R,61,20
568174082,MZN5,5,4,1,R,60,20
568174083,MZN5,5,5,4,R,61,20
568174084,MZN5,5,5,4,R,60,20
568174085,MZN5,5,5,2,R,62,20
568174086,MZN5,5,5,4,R,61,20
568174087,MZN5,4,6,2,L,60,20
568174088,MZN5,4,5,3,R,60,20
568174089,MZN5,4,6,4,R,60,20
568174090,MZN5,4,5,2,R,61,20
568174091,MZN5,4,6,4,L,61,19
568174092,MZN5,4,6,4,L,61,20
568174093,MZN5,4,10,4,L,60,17
568174094,MZN5,4,5,3,R,60,20
568174095,MZN5,4,8,4,R,61,11
568174095,MZN5,4,8,4,R,62,7
568174096,MZN5,4,7,4,R,63,16
568174097,MZN5,4,10,2,L,62,19
568174098,MZN5,4,10,4,L,61,20
568174100,MZN5,4,6,4,L,61,20
568174101,MZN5,4,9,1,R,61,20
568174105,MZN5,4,5,3,R,62,20
568174106,MZN5,4,6,4,L,62,3
568174106,MZN5,4,6,4,L,61,12
568175577,MZN5,5,4,4,R,59,20
568175578,MZN5,5,4,3,R,59,18
568175579,MZN5,5,4,4,R,63,6
568175580,MZN5,5,4,4,R,62,12
568175581,MZN5,5,4,4,R,60,20
568175582,MZN5,5,4,3,R,62,4
568175582,MZN5,5,4,3,R,63,7
568175583,MZN5,5,4,4,R,59,20
568175584,MZN5,5,4,4,R,59,6
568175584,MZN5,5,4,4,R,60,12
568177965,MZN6,15,14,3,L,61,9
568177966,MZN6,15,14,3,L,61,5
568177966,MZN6,15,14,3,L,62,2
568177966,MZN6,15,14,3,L,63,5
568177966,MZN6,15,14,3,L,60,1
568177967,MZN6,15,14,3,L,60,20
568177968,MZN6,15,14,3,L,60,14
568177968,MZN6,15,14,3,L,59,2
568177969,MZN6,15,14,3,L,60,20
568177970,MZN6,15,14,3,L,60,20
568178143,MZN5,4,10,4,R,62,20
568178144,MZN5,4,10,3,R,62,2
568178145,MZN5,3,17,3,L,61,20
568178146,MZN5,3,18,1,L,63,20
568178147,MZN5,3,18,2,L,61,20
568178148,MZN5,3,18,3,L,61,20
568178149,MZN5,3,19,4,L,62,20
568178150,MZN5,3,19,4,L,61,20
568178151,MZN5,3,18,2,L,62,20
568178152,MZN5,3,18,1,L,61,20
568178153,MZN5,3,9,4,R,62,20
568178154,MZN5,3,10,4,L,62,8
568178154,MZN5,3,10,4,L,63,3
568178156,MZN5,3,9,3,R,62,3
568178157,MZN5,3,10,2,L,61,20
568178158,MZN5,3,10,4,L,61,20
568178159,MZN5,3,9,2,R,61,20
568178160,MZN5,3,9,2,R,61,10
568178161,MZN5,3,10,4,L,60,18
568178162,MZN5,3,9,2,R,61,20
568178163,MZN5,3,9,4,R,62,19
568178164,MZN5,3,10,4,L,62,20
568178165,MZN5,3,9,4,R,61,20
568178166,MZN5,3,10,2,L,63,11
568190615,MZN5,4,14,3,R,81,308
568190618,MZN5,4,14,2,R,81,7
568190620,MZN5,4,14,2,R,81,385
568194668,MZN4,27,17,4,R,87,7
568198299,MZN4,23,10,3,R,54,7
568198326,MZN4,23,10,7,R,17,1
568198338,MZN6,13,17,4,L,28,7
568198988,MZN4,11,9,7,R,32,7
568212688,MZN4,18,3,7,L,4,1
568213001,MZN5,8,6,4,R,58,7
568213890,MZN5,12,2,5,L,38,7
4197180731,MZN5,26,7,6,R,1,16